Tag,Count,Category,Subcategory
communication skills,7304,Soft Skills,Communication
internship,6164,Business Skills,Professional Development
team collaboration,5764,Soft Skills,Teamwork & Collaboration
project management,5611,Business Skills,Project Management
data analysis,5449,Technical Skills,Data Science & Analytics
problem solving,5131,Soft Skills,Problem Solving
teamwork,3914,Soft Skills,Teamwork & Collaboration
collaboration,3099,Soft Skills,Teamwork & Collaboration
analytical skills,2441,Technical Skills,Data Science & Analytics
microsoft office,2299,Technical Skills,Technical Tools
customer service,2216,Business Skills,Operations
time management,2063,Soft Skills,Organization & Time Management
communication,2010,Soft Skills,Communication
organizational skills,1929,Soft Skills,Organization & Time Management
python,1856,Technical Skills,Programming Languages
professional development,1734,Business Skills,Professional Development
research,1555,Domain Knowledge,Research & Academia
attention to detail,1540,Soft Skills,Organization & Time Management
engineering,1526,Technical Skills,Engineering
problem-solving,1481,Soft Skills,Problem Solving
mentorship,1475,Soft Skills,Leadership
networking,1351,Soft Skills,Communication
presentation skills,1348,Soft Skills,Communication
innovation,1317,Business Skills,Strategy & Planning
software development,1148,Technical Skills,Software Development
process improvement,1123,Business Skills,Operations
marketing,1064,Business Skills,Marketing & Sales
machine learning,1048,Technical Skills,Data Science & Analytics
interpersonal skills,995,Soft Skills,Communication
quality assurance,979,Technical Skills,IT Infrastructure
microsoft excel,964,Technical Skills,Technical Tools
excel,940,Technical Skills,Technical Tools
documentation,902,Technical Skills,Technical Tools
leadership,894,Soft Skills,Leadership
fast-paced environment,888,Soft Skills,Adaptability
critical thinking,867,Soft Skills,Problem Solving
accounting,859,Business Skills,Finance & Accounting
market research,854,Business Skills,Marketing & Sales
sql,837,Technical Skills,Technical Tools
technical skills,810,Uncategorized,Uncategorized
research skills,802,Domain Knowledge,Research & Academia
healthcare,793,Domain Knowledge,Healthcare & Life Sciences
",",792,Uncategorized,Uncategorized
mechanical engineering,786,Technical Skills,Engineering
content creation,779,Business Skills,Marketing & Sales
data visualization,774,Technical Skills,Data Science & Analytics
reporting,760,Business Skills,Operations
software engineering,753,Technical Skills,Software Development
finance,741,Business Skills,Finance & Accounting
financial analysis,714,Business Skills,Finance & Accounting
social media,690,Business Skills,Marketing & Sales
patient care,680,Domain Knowledge,Healthcare & Life Sciences
diversity,679,Soft Skills,Diversity & Inclusion
electrical engineering,654,Technical Skills,Engineering
risk management,648,Business Skills,Finance & Accounting
digital marketing,642,Business Skills,Marketing & Sales
inventory management,640,Business Skills,Operations
flexibility,617,Soft Skills,Adaptability
remote work,613,Business Skills,Operations
training,612,Business Skills,Operations
automation,609,Technical Skills,Engineering
data analytics,602,Technical Skills,Data Science & Analytics
hands-on experience,599,Soft Skills,Teamwork & Collaboration
data science,583,Technical Skills,Data Science & Analytics
detail-oriented,573,Soft Skills,Organization & Time Management
sales,552,Business Skills,Marketing & Sales
internship program,551,Business Skills,Career Development
adaptability,545,Soft Skills,Adaptability
civil engineering,545,Technical Skills,Engineering
data management,533,Technical Skills,Data Science & Analytics
autocad,527,Technical Skills,Engineering
analytics,526,Technical Skills,Data Science & Analytics
continuous improvement,525,Business Skills,Operations
programming,502,Technical Skills,Programming Languages
stakeholder engagement,499,Business Skills,Project Management
financial reporting,498,Business Skills,Finance & Accounting
cross-functional collaboration,496,Business Skills,Teamwork & Collaboration
regulatory compliance,493,Business Skills,Legal & Regulatory
technical support,491,Technical Skills,IT Infrastructure
troubleshooting,485,Technical Skills,IT Infrastructure
administrative support,484,Business Skills,Operations
sustainability,484,Business Skills,Operations
java,483,Technical Skills,Programming Languages
technical documentation,482,Technical Skills,Technical Tools
business development,472,Business Skills,Business Analysis
diversity and inclusion,463,Soft Skills,Diversity & Inclusion
compliance,453,Business Skills,Legal & Regulatory
manufacturing,449,Domain Knowledge,Manufacturing & Industrial
c++,443,Technical Skills,Programming Languages
data entry,442,Business Skills,Operations
initiative,442,Soft Skills,Leadership
career development,441,Business Skills,Career Development
human resources,436,Business Skills,Operations
event planning,429,Business Skills,Operations
technical writing,427,Technical Skills,Technical Tools
technology,426,Technical Skills,Technical Tools
organization,421,Soft Skills,Organization & Time Management
javascript,406,Technical Skills,Programming Languages
product development,389,Business Skills,Operations
self-starter,388,Soft Skills,Adaptability
community engagement,386,Business Skills,Marketing & Sales
cloud computing,381,Technical Skills,IT Infrastructure
inclusion,381,Soft Skills,Teamwork & Collaboration
internship experience,376,Business Skills,Operations
supply chain,374,Business Skills,Operations
multitasking,370,Soft Skills,Organization & Time Management
customer engagement,369,Business Skills,Marketing & Sales
cybersecurity,366,Technical Skills,IT Infrastructure
team player,361,Soft Skills,Teamwork & Collaboration
statistical analysis,356,Technical Skills,Data Science & Analytics
multi-tasking,347,Soft Skills,Organization & Time Management
pharmacy,346,Domain Knowledge,Healthcare & Life Sciences
financial services,345,Domain Knowledge,Finance & Banking
hybrid work,341,Business Skills,Operations
power bi,339,Technical Skills,Technical Tools
communications,339,Soft Skills,Communication
confidentiality,339,Soft Skills,Organization & Time Management
prototyping,337,Technical Skills,Engineering
client engagement,337,Business Skills,Marketing & Sales
creative thinking,336,Soft Skills,Creativity
graphic design,322,Technical Skills,Design & Creative
logistics,318,Business Skills,Operations
computer science,317,Technical Skills,IT Infrastructure
agile,313,Technical Skills,Software Development
user experience,311,Technical Skills,Design & Creative
data collection,310,Technical Skills,Data Science & Analytics
self-motivated,309,Soft Skills,Adaptability
powerpoint,308,Technical Skills,Technical Tools
creativity,305,Soft Skills,Creativity
ms office,305,Technical Skills,Technical Tools
safety,304,Soft Skills,Organization & Time Management
tableau,304,Technical Skills,Data Science & Analytics
business administration,299,Business Skills,Operations
design,296,Technical Skills,Design & Creative
financial modeling,293,Business Skills,Finance & Accounting
construction management,291,Business Skills,Operations
business analysis,289,Business Skills,Business Analysis
learning,284,Soft Skills,Adaptability
testing,283,Technical Skills,Software Development
research and development,281,Domain Knowledge,Research & Academia
development,281,Technical Skills,Software Development
customer experience,280,Business Skills,Marketing & Sales
business,279,Business Skills,Business Analysis
business intelligence,278,Business Skills,Business Analysis
robotics,276,Technical Skills,Engineering
database management,276,Technical Skills,IT Infrastructure
summer internship,274,Business Skills,Operations
gpa,274,Soft Skills,Organization & Time Management
public relations,272,Business Skills,Marketing & Sales
technical communication,272,Technical Skills,Technical Tools
deep learning,271,Technical Skills,Data Science & Analytics
ai,271,Technical Skills,Data Science & Analytics
aws,266,Technical Skills,IT Infrastructure
adobe creative suite,265,Technical Skills,Design & Creative
risk assessment,265,Business Skills,Operations
relationship building,265,Soft Skills,Teamwork & Collaboration
strategic planning,264,Business Skills,Strategy & Planning
client relations,263,Business Skills,Marketing & Sales
artificial intelligence,263,Technical Skills,Data Science & Analytics
operations,261,Business Skills,Operations
detail oriented,256,Soft Skills,Organization & Time Management
product management,256,Business Skills,Project Management
student internship,251,Domain Knowledge,Education
quality control,251,Business Skills,Operations
patient safety,251,Domain Knowledge,Healthcare & Life Sciences
supply chain management,249,Business Skills,Operations
cad,240,Technical Skills,Engineering
event coordination,238,Business Skills,Operations
professionalism,238,Soft Skills,Communication
flexible schedule,237,Soft Skills,Adaptability
debugging,237,Technical Skills,Technical Tools
cross-functional teams,236,Soft Skills,Teamwork & Collaboration
salesforce,229,Technical Skills,Technical Tools
chemical engineering,228,Technical Skills,Engineering
project support,227,Business Skills,Project Management
transportation,221,Domain Knowledge,Manufacturing & Industrial
professional growth,221,Soft Skills,Career Growth
consulting,220,Business Skills,Business Analysis
project coordination,220,Business Skills,Project Management
co-op,219,Domain Knowledge,Education
revit,218,Technical Skills,Engineering
lead generation,216,Business Skills,Marketing & Sales
career growth,215,Soft Skills,Career Growth
audit,213,Business Skills,Finance & Accounting
statistics,213,Technical Skills,Data Science & Analytics
business strategy,210,Business Skills,Strategy & Planning
employee engagement,205,Soft Skills,Teamwork & Collaboration
procurement,205,Business Skills,Operations
solidworks,203,Technical Skills,Engineering
safety compliance,201,Business Skills,Operations
budgeting,200,Business Skills,Finance & Accounting
agile methodologies,199,Business Skills,Project Management
biotechnology,199,Domain Knowledge,Healthcare & Life Sciences
linux,199,Technical Skills,IT Infrastructure
video editing,198,Technical Skills,Design & Creative
creative problem solving,198,Soft Skills,Problem Solving
git,198,Technical Skills,Technical Tools
administrative tasks,196,Business Skills,Operations
leadership skills,196,Soft Skills,Leadership
matlab,195,Technical Skills,Programming Languages
marketing strategy,195,Business Skills,Marketing & Sales
information technology,195,Technical Skills,IT Infrastructure
r,194,Technical Skills,Programming Languages
forecasting,194,Business Skills,Finance & Accounting
process optimization,193,Business Skills,Operations
industrial engineering,193,Technical Skills,Engineering
curiosity,190,Soft Skills,Adaptability
html,190,Technical Skills,Technical Tools
pytorch,188,Technical Skills,Data Science & Analytics
market analysis,187,Business Skills,Business Analysis
paid internship,185,Soft Skills,Adaptability
competitive analysis,185,Business Skills,Business Analysis
positive attitude,182,Soft Skills,Communication
microsoft office proficiency,182,Technical Skills,Technical Tools
engineering intern,182,Technical Skills,Engineering
networking opportunities,182,Soft Skills,Teamwork & Collaboration
clinical skills,181,Domain Knowledge,Healthcare & Life Sciences
root cause analysis,181,Business Skills,Operations
independent work,181,Soft Skills,Adaptability
react,180,Technical Skills,Software Development
data engineering,180,Technical Skills,Data Science & Analytics
quantitative analysis,178,Business Skills,Finance & Accounting
renewable energy,177,Domain Knowledge,Manufacturing & Industrial
microsoft word,177,Technical Skills,Technical Tools
financial statements,177,Business Skills,Finance & Accounting
digital media,176,Business Skills,Marketing & Sales
journalism,173,Business Skills,Marketing & Sales
stakeholder management,171,Business Skills,Project Management
python programming,171,Technical Skills,Programming Languages
merchandising,170,Business Skills,Marketing & Sales
engineering design,170,Technical Skills,Engineering
real estate,169,Domain Knowledge,Manufacturing & Industrial
vendor management,169,Business Skills,Operations
retail,169,Domain Knowledge,Manufacturing & Industrial
embedded systems,168,Technical Skills,Engineering
mentoring,167,Soft Skills,Leadership
legal research,167,Domain Knowledge,Legal & Regulatory
writing skills,166,Soft Skills,Communication
c#,165,Technical Skills,Programming Languages
devops,165,Technical Skills,IT Infrastructure
customer support,165,Business Skills,Operations
client service,165,Business Skills,Operations
web development,164,Technical Skills,Software Development
css,164,Technical Skills,Design & Creative
bilingual,163,Soft Skills,Communication
branding,162,Business Skills,Marketing & Sales
accounting principles,162,Business Skills,Finance & Accounting
storytelling,160,Soft Skills,Communication
safety standards,159,Domain Knowledge,Manufacturing & Industrial
strategic thinking,159,Business Skills,Strategy & Planning
healthcare innovation,158,Domain Knowledge,Healthcare & Life Sciences
algorithms,158,Technical Skills,Programming Languages
engineering internship,157,Technical Skills,Engineering
workflow management,154,Business Skills,Operations
engineering principles,154,Technical Skills,Engineering
media,154,Business Skills,Marketing & Sales
tensorflow,152,Technical Skills,Technical Tools
data structures,152,Technical Skills,Programming Languages
report writing,151,Business Skills,Business Analysis
onboarding,151,Business Skills,Operations
analysis,150,Business Skills,Business Analysis
construction,150,Domain Knowledge,Manufacturing & Industrial
sales support,149,Business Skills,Marketing & Sales
scheduling,149,Business Skills,Operations
software testing,149,Technical Skills,Software Development
analytical thinking,149,Soft Skills,Problem Solving
insurance,148,Domain Knowledge,Finance & Banking
pharmacy intern,148,Domain Knowledge,Healthcare & Life Sciences
figma,147,Technical Skills,Design & Creative
leadership development,147,Soft Skills,Leadership
microsoft powerpoint,147,Technical Skills,Technical Tools
excel proficiency,146,Technical Skills,Technical Tools
internal controls,146,Business Skills,Finance & Accounting
aerospace engineering,146,Domain Knowledge,Engineering
report preparation,146,Business Skills,Business Analysis
advertising,146,Business Skills,Marketing & Sales
dynamic environment,146,Soft Skills,Adaptability
crm,145,Technical Skills,Technical Tools
architecture,145,Technical Skills,Engineering
collaborative environment,144,Soft Skills,Teamwork & Collaboration
safety procedures,143,Business Skills,Operations
training and development,143,Business Skills,Operations
generative ai,143,Technical Skills,Data Science & Analytics
cad software,143,Technical Skills,Engineering
economics,143,Domain Knowledge,Finance & Banking
hospitality,142,Domain Knowledge,Hospitality
customer focus,141,Soft Skills,Communication
sales strategy,141,Business Skills,Marketing & Sales
equity,139,Business Skills,Finance & Accounting
business operations,139,Business Skills,Operations
organization skills,139,Soft Skills,Organization & Time Management
team leadership,138,Soft Skills,Leadership
operational efficiency,138,Business Skills,Operations
computer vision,138,Technical Skills,Data Science & Analytics
trend analysis,137,Business Skills,Business Analysis
pharmaceuticals,136,Domain Knowledge,Healthcare & Life Sciences
agile development,135,Technical Skills,Software Development
environmental engineering,134,Domain Knowledge,Engineering
scripting,133,Technical Skills,Programming Languages
performance metrics,132,Business Skills,Operations
