Position ,Province,Country,Date,Job Count
Other / General,California,USA,25-Mar,275
Software / IT / Engineering,California,USA,25-Mar,244
Other / General,Massachusetts,USA,25-Mar,202
Other / General,Texas,USA,25-Mar,169
Software / IT / Engineering,California,USA,25-Feb,153
Other / General,California,USA,25-Feb,153
Other / General,New York,USA,25-Mar,138
Software / IT / Engineering,Massachusetts,USA,25-Mar,138
Other / General,California,USA,25-Apr,137
Software / IT / Engineering,Texas,USA,25-Mar,137
Software / IT / Engineering,California,USA,25-Apr,132
Data & Analytics,California,USA,25-Mar,126
Software / IT / Engineering,New York,USA,25-Mar,116
Other / General,Pennsylvania,USA,25-Mar,109
Software / IT / Engineering,Pennsylvania,USA,25-Mar,94
Data & Analytics,California,USA,25-Feb,93
Other / General,New York,USA,25-Apr,91
Other / General,California,USA,25-Jan,91
Other / General,Illinois,USA,25-Mar,91
Other / General,Massachusetts,USA,25-Feb,83
Other / General,Texas,USA,25-Apr,83
Other / General,New Jersey,USA,25-Mar,82
Software / IT / Engineering,California,USA,24-Oct,81
Software / IT / Engineering,Massachusetts,USA,25-Feb,79
Other / General,Florida,USA,25-Mar,78
Software / IT / Engineering,Illinois,USA,25-Mar,76
Other / General,New York,USA,25-Feb,73
Data & Analytics,California,USA,25-Apr,72
Software / IT / Engineering,California,USA,25-Jan,72
Other / General,California,USA,24-Oct,70
Software / IT / Engineering,Texas,USA,25-Apr,70
Software / IT / Engineering,New York,USA,25-Feb,69
Software / IT / Engineering,Florida,USA,25-Mar,68
Software / IT / Engineering,Massachusetts,USA,25-Jan,68
Operations / PM,California,USA,25-Mar,68
Other / General,Georgia,USA,25-Mar,65
Software / IT / Engineering,Ohio,USA,25-Mar,65
Other / General,Virginia,USA,25-Mar,64
Data & Analytics,Texas,USA,25-Mar,62
Operations / PM,New York,USA,25-Mar,61
Other / General,Texas,USA,25-Feb,60
Software / IT / Engineering,Michigan,USA,25-Mar,60
Other / General,Illinois,USA,25-Feb,60
Other / General,Florida,USA,25-Apr,56
Marketing / PR,California,USA,25-Mar,55
Software / IT / Engineering,California,USA,24-Dec,55
Other / General,Ohio,USA,25-Mar,55
Other / General,Pennsylvania,USA,25-Apr,54
Other / General,Washington,USA,25-Apr,54
Data & Analytics,New York,USA,25-Mar,53
Other / General,California,USA,24-Dec,53
Other / General,North Carolina,USA,25-Mar,53
Other / General,Massachusetts,USA,25-Apr,53
Other / General,Washington,USA,25-Mar,53
Software / IT / Engineering,North Carolina,USA,25-Mar,52
Other / General,California,USA,24-Nov,52
Software / IT / Engineering,Illinois,USA,25-Apr,51
Software / IT / Engineering,New York,USA,25-Apr,51
Software / IT / Engineering,Texas,USA,25-Feb,49
Software / IT / Engineering,Massachusetts,USA,25-Apr,49
Other / General,Ohio,USA,25-Apr,48
Software / IT / Engineering,New Jersey,USA,25-Mar,48
Software / IT / Engineering,Pennsylvania,USA,25-Feb,48
Software / IT / Engineering,Georgia,USA,25-Mar,47
Operations / PM,California,USA,25-Feb,47
Marketing / PR,New York,USA,25-Mar,47
Other / General,Indiana,USA,25-Mar,46
Other / General,Minnesota,USA,25-Mar,45
Other / General,Michigan,USA,25-Mar,44
Data & Analytics,Illinois,USA,25-Mar,44
Other / General,New Jersey,USA,25-Apr,43
Software / IT / Engineering,Washington,USA,25-Mar,43
Other / General,Arizona,USA,25-Mar,43
Software / IT / Engineering,Illinois,USA,25-Feb,42
Data & Analytics,Massachusetts,USA,25-Mar,42
Other / General,Maryland,USA,25-Mar,42
Software / IT / Engineering,Virginia,USA,25-Mar,41
Creative / UX / Design,California,USA,25-Mar,41
Other / General,Tennessee,USA,25-Mar,41
Other / General,Virginia,USA,25-Feb,40
Other / General,Georgia,USA,25-Apr,40
Data & Analytics,New York,USA,25-Apr,40
Other / General,Colorado,USA,25-Feb,38
Software / IT / Engineering,California,USA,24-Nov,38
Other / General,Colorado,USA,25-Mar,38
Other / General,Illinois,USA,25-Apr,37
Other / General,Massachusetts,USA,25-Jan,36
Software / IT / Engineering,Colorado,USA,25-Mar,36
Sales / Biz Dev,New York,USA,25-Mar,35
Other / General,Washington,USA,25-Feb,35
Software / IT / Engineering,Indiana,USA,25-Mar,34
Data & Analytics,Pennsylvania,USA,25-Mar,34
Software / IT / Engineering,New York,USA,24-Oct,33
Finance / Accounting,New York,USA,25-Mar,33
Software / IT / Engineering,Connecticut,USA,25-Mar,33
Software / IT / Engineering,Michigan,USA,25-Apr,33
Other / General,Indiana,USA,25-Apr,33
Other / General,Oregon,USA,25-Mar,33
Software / IT / Engineering,Pennsylvania,USA,25-Apr,33
Other / General,Illinois,USA,25-Jan,32
Data & Analytics,Illinois,USA,25-Feb,32
Software / IT / Engineering,Virginia,USA,25-Feb,32
Other / General,Tennessee,USA,25-Apr,31
Software / IT / Engineering,Arizona,USA,25-Mar,31
Other / General,Colorado,USA,25-Apr,31
Finance / Accounting,Texas,USA,25-Mar,31
Data & Analytics,Texas,USA,25-Apr,31
Other / General,Minnesota,USA,25-Apr,31
Marketing / PR,California,USA,25-Feb,31
Operations / PM,New York,USA,25-Apr,30
Data & Analytics,New York,USA,25-Feb,30
Finance / Accounting,California,USA,25-Mar,29
Other / General,South Carolina,USA,25-Mar,29
Data & Analytics,California,USA,25-Jan,29
Software / IT / Engineering,Alabama,USA,25-Mar,28
Software / IT / Engineering,Colorado,USA,25-Feb,28
Other / General,Wisconsin,USA,25-Mar,28
Operations / PM,Massachusetts,USA,25-Mar,28
Sales / Biz Dev,Texas,USA,25-Mar,28
Pharmacy / Healthcare,Texas,USA,25-Feb,28
Other / General,Pennsylvania,USA,25-Feb,28
Software / IT / Engineering,New York,USA,25-Jan,27
Software / IT / Engineering,New Jersey,USA,25-Feb,27
Data & Analytics,New Jersey,USA,25-Mar,27
Other / General,California,USA,24-Sep,27
Software / IT / Engineering,Ohio,USA,25-Feb,27
Other / General,New York,USA,24-Dec,27
Software / IT / Engineering,Michigan,USA,25-Feb,27
Creative / UX / Design,New York,USA,25-Mar,26
Software / IT / Engineering,Minnesota,USA,25-Apr,26
Operations / PM,Texas,USA,25-Feb,26
Data & Analytics,Ohio,USA,25-Mar,26
Software / IT / Engineering,Washington,USA,25-Feb,26
Other / General,North Carolina,USA,25-Apr,26
Data & Analytics,North Carolina,USA,25-Mar,25
Other / General,New York,USA,25-Jan,25
Operations / PM,Illinois,USA,25-Mar,25
Software / IT / Engineering,Arizona,USA,25-Feb,25
Marketing / PR,New York,USA,25-Apr,25
Pharmacy / Healthcare,California,USA,25-Feb,25
Data & Analytics,Florida,USA,25-Mar,25
Operations / PM,Texas,USA,25-Mar,25
Data & Analytics,California,USA,24-Dec,25
Other / General,Michigan,USA,25-Apr,25
Software / IT / Engineering,Florida,USA,25-Feb,25
Sales / Biz Dev,New York,USA,25-Feb,25
Other / General,Michigan,USA,25-Feb,24
Software / IT / Engineering,Wisconsin,USA,25-Mar,24
Software / IT / Engineering,Maryland,USA,25-Mar,24
Other / General,New Jersey,USA,25-Feb,24
Other / General,Connecticut,USA,25-Mar,24
Software / IT / Engineering,Missouri,USA,25-Mar,24
Other / General,Ohio,USA,25-Feb,24
Other / General,New York,USA,24-Oct,23
Other / General,Virginia,USA,25-Apr,23
Finance / Accounting,California,USA,25-Feb,23
Software / IT / Engineering,Washington,USA,25-Apr,23
Software / IT / Engineering,New Jersey,USA,25-Apr,23
Software / IT / Engineering,Ohio,USA,25-Apr,23
Operations / PM,California,USA,25-Apr,23
Marketing / PR,Illinois,USA,25-Mar,23
Software / IT / Engineering,Colorado,USA,25-Apr,23
Software / IT / Engineering,Minnesota,USA,25-Mar,22
Marketing / PR,California,USA,25-Apr,22
Other / General,Florida,USA,25-Feb,22
Software / IT / Engineering,California,USA,24-Sep,22
Software / IT / Engineering,Tennessee,USA,25-Mar,21
Other / General,Wisconsin,USA,25-Apr,21
Data & Analytics,Pennsylvania,USA,25-Feb,21
Creative / UX / Design,California,USA,25-Feb,21
Data & Analytics,California,USA,24-Oct,21
Data & Analytics,Massachusetts,USA,25-Feb,21
Other / General,Alabama,USA,25-Apr,21
Operations / PM,Massachusetts,USA,25-Feb,20
Other / General,Washington,USA,25-Jan,20
Finance / Accounting,California,USA,24-Aug,20
Marketing / PR,Texas,USA,25-Mar,20
Operations / PM,Pennsylvania,USA,25-Mar,20
Software / IT / Engineering,Minnesota,USA,25-Feb,20
Software / IT / Engineering,Illinois,USA,24-Oct,20
Other / General,Massachusetts,USA,24-Dec,20
Pharmacy / Healthcare,New Jersey,USA,25-Feb,20
Operations / PM,New York,USA,25-Feb,19
Software / IT / Engineering,Tennessee,USA,25-Apr,19
Data & Analytics,Washington,USA,25-Feb,19
Data & Analytics,Washington,USA,25-Apr,19
Other / General,Florida,USA,25-Jan,19
Other / General,Texas,USA,25-Jan,19
Data & Analytics,Texas,USA,25-Feb,19
Operations / PM,North Carolina,USA,25-Mar,18
Software / IT / Engineering,Indiana,USA,25-Apr,18
Sales / Biz Dev,New York,USA,25-Apr,18
Data & Analytics,Florida,USA,25-Feb,18
Software / IT / Engineering,Texas,USA,25-Jan,18
Other / General,Missouri,USA,25-Mar,18
Data & Analytics,California,USA,24-Nov,18
Marketing / PR,New York,USA,25-Feb,18
Software / IT / Engineering,North Carolina,USA,25-Feb,18
Other / General,Texas,USA,24-Dec,18
Other / General,North Carolina,USA,25-Feb,18
Other / General,Minnesota,USA,25-Feb,17
Data & Analytics,Illinois,USA,25-Apr,17
Other / General,Illinois,USA,24-Dec,17
Other / General,California,"USA, Remote",25-Mar,17
Software / IT / Engineering,Connecticut,USA,25-Apr,17
Operations / PM,Texas,USA,25-Apr,17
Creative / UX / Design,California,USA,25-Apr,17
Other / General,Massachusetts,USA,24-Oct,17
Operations / PM,Georgia,USA,25-Mar,17
Other / General,Wisconsin,USA,25-Feb,17
Software / IT / Engineering,Washington,USA,25-Jan,17
Marketing / PR,Massachusetts,USA,25-Mar,17
Software / IT / Engineering,Georgia,USA,25-Apr,17
Software / IT / Engineering,Georgia,USA,25-Feb,17
Sales / Biz Dev,Illinois,USA,25-Mar,17
Software / IT / Engineering,Florida,USA,25-Apr,17
Other / General,Georgia,USA,25-Feb,16
Finance / Accounting,Illinois,USA,25-Mar,16
Other / General,Maryland,USA,25-Apr,16
Software / IT / Engineering,Oregon,USA,25-Mar,16
Software / IT / Engineering,South Carolina,USA,25-Mar,16
Data & Analytics,Virginia,USA,25-Feb,16
Software / IT / Engineering,Virginia,USA,25-Apr,16
Sales / Biz Dev,California,USA,25-Feb,16
Operations / PM,California,USA,25-Jan,16
Other / General,New York,USA,24-Nov,16
Other / General,Texas,USA,24-Oct,16
Other / General,Alabama,USA,25-Mar,16
Software / IT / Engineering,Missouri,USA,25-Feb,16
Data & Analytics,Washington,USA,25-Mar,15
Pharmacy / Healthcare,Massachusetts,USA,25-Mar,15
Other / General,Arizona,USA,25-Feb,15
Sales / Biz Dev,North Carolina,USA,25-Mar,15
Data & Analytics,Colorado,USA,25-Apr,15
Pharmacy / Healthcare,Virginia,USA,25-Apr,15
Data & Analytics,Texas,USA,25-Jan,15
Other / General,Oregon,USA,25-Apr,15
Data & Analytics,New Jersey,USA,25-Apr,15
Operations / PM,Washington,USA,25-Mar,15
Software / IT / Engineering,Wisconsin,USA,25-Apr,15
Software / IT / Engineering,North Carolina,USA,25-Apr,15
Software / IT / Engineering,Wisconsin,USA,25-Feb,15
Software / IT / Engineering,Pennsylvania,USA,25-Jan,15
Other / General,South Carolina,USA,25-Apr,15
Marketing / PR,California,USA,25-Jan,15
Software / IT / Engineering,Illinois,USA,25-Jan,15
Finance / Accounting,Georgia,USA,25-Mar,15
Data & Analytics,Massachusetts,USA,25-Apr,15
Finance / Accounting,Illinois,USA,25-Apr,15
Data & Analytics,Massachusetts,USA,25-Jan,15
Sales / Biz Dev,Washington,USA,25-Mar,15
Software / IT / Engineering,Alabama,USA,25-Feb,15
Operations / PM,Florida,USA,25-Mar,15
Other / General,Maryland,USA,25-Feb,15
Finance / Accounting,New Jersey,USA,25-Mar,15
Other / General,Illinois,USA,24-Oct,14
Software / IT / Engineering,Massachusetts,USA,24-Dec,14
Other / General,New York,"USA, Remote",25-Feb,14
Data & Analytics,Pennsylvania,USA,25-Apr,14
Marketing / PR,New Jersey,USA,25-Mar,14
Pharmacy / Healthcare,New York,USA,25-Apr,14
Finance / Accounting,Pennsylvania,USA,25-Mar,14
Software / IT / Engineering,California,"USA, Remote",25-Mar,14
Human Resources,Massachusetts,USA,25-Mar,14
Operations / PM,Ohio,USA,25-Mar,14
Finance / Accounting,Texas,USA,25-Feb,14
Pharmacy / Healthcare,Texas,USA,25-Mar,14
Operations / PM,Minnesota,USA,25-Mar,14
Operations / PM,Illinois,USA,25-Feb,14
Software / IT / Engineering,Texas,USA,24-Oct,14
Other / General,Missouri,USA,25-Feb,14
Sales / Biz Dev,Illinois,USA,25-Feb,14
Data & Analytics,Ohio,USA,25-Feb,14
Software / IT / Engineering,Arizona,USA,25-Apr,14
Data & Analytics,Michigan,USA,25-Mar,14
Data & Analytics,Connecticut,USA,25-Mar,14
Data & Analytics,Michigan,USA,25-Feb,14
Other / General,Massachusetts,USA,24-Sep,14
Software / IT / Engineering,Oregon,USA,25-Jan,14
Pharmacy / Healthcare,Colorado,USA,25-Apr,14
Finance / Accounting,Florida,USA,25-Mar,13
Software / IT / Engineering,Connecticut,USA,25-Feb,13
Sales / Biz Dev,Texas,USA,25-Apr,13
Other / General,Pennsylvania,USA,25-Jan,13
Operations / PM,Michigan,USA,25-Mar,13
Sales / Biz Dev,Massachusetts,USA,25-Mar,13
Sales / Biz Dev,Texas,USA,25-Feb,13
Other / General,Washington,USA,24-Oct,13
Finance / Accounting,New York,USA,25-Apr,13
Data & Analytics,Tennessee,USA,25-Mar,13
Other / General,North Carolina,USA,25-Jan,13
Finance / Accounting,New York,USA,25-Feb,13
Software / IT / Engineering,Tennessee,USA,25-Feb,13
Marketing / PR,Pennsylvania,USA,25-Mar,13
Marketing / PR,Washington,USA,25-Mar,13
Sales / Biz Dev,California,USA,25-Mar,13
Creative / UX / Design,Illinois,USA,25-Mar,13
Sales / Biz Dev,Georgia,USA,25-Mar,13
Sales / Biz Dev,Ohio,USA,25-Mar,13
Other / General,Arizona,USA,25-Apr,13
Data & Analytics,Arizona,USA,25-Feb,13
Data & Analytics,Indiana,USA,25-Mar,13
Data & Analytics,New Jersey,USA,25-Feb,13
Other / General,Colorado,"USA, Remote",25-Mar,13
Data & Analytics,New York,"USA, Remote",25-Feb,13
Data & Analytics,California,"USA, Remote",25-Mar,12
Data & Analytics,Missouri,USA,25-Feb,12
Data & Analytics,Virginia,USA,25-Mar,12
Data & Analytics,Michigan,USA,25-Apr,12
Other / General,Missouri,USA,25-Jan,12
Marketing / PR,Georgia,USA,25-Mar,12
Other / General,Missouri,USA,25-Apr,12
Human Resources,California,USA,25-Mar,12
Sales / Biz Dev,Georgia,USA,25-Apr,12
Finance / Accounting,Ohio,USA,25-Mar,12
Sales / Biz Dev,Pennsylvania,USA,25-Mar,12
Creative / UX / Design,New York,USA,25-Apr,12
Other / General,Oregon,USA,25-Feb,12
Finance / Accounting,Texas,USA,25-Apr,12
Software / IT / Engineering,North Carolina,USA,24-Nov,12
Data & Analytics,New York,"USA, Remote",25-Mar,12
Software / IT / Engineering,New York,USA,24-Nov,12
Software / IT / Engineering,New York,"USA, Remote",25-Feb,11
Marketing / PR,Washington,USA,25-Feb,11
Data & Analytics,North Carolina,USA,25-Feb,11
Creative / UX / Design,Massachusetts,USA,25-Feb,11
Other / General,North Carolina,USA,24-Dec,11
Data & Analytics,Massachusetts,"USA, Remote",25-Mar,11
Software / IT / Engineering,Texas,USA,24-Dec,11
Sales / Biz Dev,Florida,USA,25-Feb,11
Data & Analytics,Colorado,USA,25-Feb,11
Other / General,California,"USA, Remote",25-Jan,11
Data & Analytics,Alabama,USA,25-Feb,11
Sales / Biz Dev,Washington,USA,25-Feb,11
Data & Analytics,Colorado,USA,25-Mar,11
Other / General,Colorado,"USA, Remote",25-Feb,11
Finance / Accounting,California,USA,25-Apr,11
Marketing / PR,Illinois,USA,25-Feb,11
Creative / UX / Design,Florida,USA,25-Mar,11
Marketing / PR,Florida,USA,25-Mar,11
Sales / Biz Dev,Massachusetts,USA,25-Feb,11
Human Resources,Texas,USA,25-Mar,11
Finance / Accounting,Massachusetts,USA,25-Mar,11
Data & Analytics,Washington,USA,25-Jan,11
Software / IT / Engineering,Maryland,USA,25-Feb,11
Operations / PM,New Jersey,USA,25-Mar,11
Other / General,California,"USA, Remote",25-Apr,11
Software / IT / Engineering,Missouri,USA,25-Apr,11
Operations / PM,California,USA,24-Nov,11
Software / IT / Engineering,North Carolina,USA,24-Oct,11
Data & Analytics,South Carolina,USA,25-Mar,11
Operations / PM,Wisconsin,USA,25-Mar,11
Pharmacy / Healthcare,North Carolina,USA,25-Apr,10
Software / IT / Engineering,North Carolina,USA,25-Jan,10
Other / General,Texas,"USA, Remote",25-Mar,10
Other / General,Indiana,USA,25-Feb,10
Marketing / PR,Florida,USA,25-Apr,10
Marketing / PR,Texas,USA,25-Apr,10
Finance / Accounting,Wisconsin,USA,25-Mar,10
Sales / Biz Dev,Florida,USA,25-Apr,10
Sales / Biz Dev,Florida,USA,25-Mar,10
Software / IT / Engineering,Minnesota,USA,25-Jan,10
Other / General,Minnesota,USA,24-Dec,10
Software / IT / Engineering,Ohio,USA,25-Jan,10
Other / General,Kentucky,USA,25-Mar,10
Software / IT / Engineering,Kentucky,USA,25-Apr,10
Creative / UX / Design,New York,USA,25-Feb,10
Data & Analytics,Illinois,USA,25-Jan,10
Software / IT / Engineering,Maryland,USA,25-Apr,10
Other / General,California,"USA, Remote",25-Feb,10
Other / General,Illinois,"USA, Remote",25-Apr,10
Software / IT / Engineering,Kentucky,USA,25-Mar,10
Software / IT / Engineering,California,"USA, Remote",25-Feb,10
Pharmacy / Healthcare,Indiana,USA,25-Mar,10
Operations / PM,Massachusetts,USA,25-Apr,10
Other / General,North Carolina,"USA, Remote",25-Apr,10
Creative / UX / Design,Texas,USA,25-Mar,10
Creative / UX / Design,Washington,USA,25-Feb,10
Data & Analytics,Tennessee,USA,25-Apr,10
Data & Analytics,Alabama,USA,25-Mar,10
Operations / PM,Pennsylvania,USA,25-Feb,10
Software / IT / Engineering,California,"USA, Remote",25-Jan,10
Pharmacy / Healthcare,California,USA,25-Mar,10
Data & Analytics,Pennsylvania,"USA, Remote",25-Mar,10
Creative / UX / Design,California,USA,25-Jan,10
Data & Analytics,Minnesota,USA,25-Mar,10
Operations / PM,Virginia,USA,25-Mar,10
Other / General,Virginia,"USA, Remote",25-Apr,10
Operations / PM,California,USA,24-Dec,9
Finance / Accounting,Connecticut,USA,25-Mar,9
Finance / Accounting,Washington,USA,25-Mar,9
Other / General,Ohio,USA,24-Nov,9
Creative / UX / Design,Washington,USA,25-Mar,9
Creative / UX / Design,Massachusetts,USA,25-Mar,9
Marketing / PR,Georgia,USA,25-Apr,9
Software / IT / Engineering,New York,USA,24-Dec,9
Finance / Accounting,Florida,USA,25-Feb,9
Software / IT / Engineering,Virginia,USA,25-Jan,9
Operations / PM,Michigan,USA,25-Feb,9
Other / General,Massachusetts,"USA, Remote",25-Mar,9
Other / General,Wisconsin,USA,24-Dec,9
Sales / Biz Dev,Tennessee,USA,25-Mar,9
Operations / PM,Florida,USA,25-Apr,9
Marketing / PR,New Jersey,USA,25-Feb,9
Other / General,Texas,"USA, Remote",25-Apr,9
Operations / PM,Georgia,USA,25-Feb,9
Pharmacy / Healthcare,Virginia,USA,25-Mar,9
Software / IT / Engineering,Washington,USA,24-Oct,9
Pharmacy / Healthcare,Pennsylvania,USA,25-Mar,9
Software / IT / Engineering,Minnesota,USA,24-Dec,9
Software / IT / Engineering,Texas,USA,24-Nov,9
Other / General,Connecticut,USA,25-Feb,9
Legal / Policy,California,USA,25-Mar,9
Operations / PM,Illinois,USA,25-Apr,9
Other / General,Georgia,USA,25-Jan,9
Pharmacy / Healthcare,Virginia,USA,25-Feb,9
Other / General,Florida,"USA, Remote",25-Feb,9
Data & Analytics,Ohio,USA,25-Apr,9
Marketing / PR,Minnesota,USA,25-Mar,8
Operations / PM,California,USA,24-Oct,8
Software / IT / Engineering,Washington,USA,24-Sep,8
Marketing / PR,Arizona,USA,25-Mar,8
Operations / PM,North Carolina,USA,25-Apr,8
Marketing / PR,New York,USA,24-Oct,8
Pharmacy / Healthcare,Missouri,USA,25-Feb,8
Finance / Accounting,Massachusetts,USA,25-Feb,8
Operations / PM,Colorado,USA,25-Feb,8
Pharmacy / Healthcare,New Jersey,USA,25-Mar,8
Finance / Accounting,New York,USA,24-Oct,8
Other / General,Washington,"USA, Remote",25-Feb,8
Software / IT / Engineering,Massachusetts,USA,24-Nov,8
Software / IT / Engineering,Massachusetts,USA,24-Oct,8
Data & Analytics,Georgia,USA,25-Mar,8
Other / General,North Carolina,"USA, Remote",25-Feb,8
Other / General,Alabama,USA,25-Feb,8
Other / General,North Carolina,USA,24-Nov,8
Other / General,Florida,USA,24-Dec,8
Other / General,Michigan,USA,25-Jan,8
Marketing / PR,Washington,USA,25-Apr,8
Other / General,Tennessee,USA,25-Feb,8
Data & Analytics,Colorado,"USA, Remote",25-Mar,8
Marketing / PR,Indiana,USA,25-Apr,8
Operations / PM,Colorado,USA,25-Mar,8
Other / General,Texas,USA,24-Nov,8
Marketing / PR,Massachusetts,USA,25-Feb,8
Other / General,Ohio,USA,25-Jan,8
Operations / PM,Virginia,USA,25-Apr,8
Software / IT / Engineering,Texas,USA,24-Sep,8
Operations / PM,Minnesota,USA,25-Apr,8
Data & Analytics,Kentucky,USA,25-Mar,8
Finance / Accounting,Illinois,USA,25-Feb,8
Data & Analytics,New York,USA,25-Jan,8
Finance / Accounting,Colorado,USA,25-Mar,8
Other / General,Maryland,USA,24-Dec,8
Data & Analytics,Wisconsin,USA,25-Mar,8
Finance / Accounting,Florida,USA,24-Dec,8
Data & Analytics,Maryland,USA,25-Mar,8
Other / General,Kentucky,USA,25-Jan,8
Operations / PM,Texas,USA,25-Jan,8
Software / IT / Engineering,Oregon,USA,25-Apr,8
Operations / PM,New Jersey,USA,25-Feb,8
Sales / Biz Dev,Wisconsin,USA,25-Mar,8
Operations / PM,Virginia,USA,25-Feb,8
Sales / Biz Dev,Virginia,USA,25-Feb,8
Other / General,New York,"USA, Remote",25-Apr,7
Software / IT / Engineering,Missouri,USA,24-Dec,7
Data & Analytics,Florida,USA,25-Apr,7
Data & Analytics,Arizona,USA,25-Apr,7
Marketing / PR,Colorado,USA,25-Apr,7
Marketing / PR,New Jersey,USA,25-Apr,7
Creative / UX / Design,New York,USA,24-Dec,7
Operations / PM,Georgia,USA,25-Apr,7
Other / General,New York,"USA, Remote",25-Mar,7
Data & Analytics,Washington,USA,24-Oct,7
Sales / Biz Dev,Indiana,USA,25-Mar,7
Data & Analytics,Georgia,USA,25-Apr,7
Data & Analytics,Minnesota,USA,25-Apr,7
Operations / PM,Wisconsin,USA,25-Feb,7
Pharmacy / Healthcare,Maryland,USA,25-Feb,7
Data & Analytics,New York,USA,24-Oct,7
Creative / UX / Design,Texas,USA,25-Feb,7
Software / IT / Engineering,Florida,USA,25-Jan,7
Operations / PM,Ohio,USA,25-Apr,7
Marketing / PR,Pennsylvania,USA,25-Jan,7
Data & Analytics,California,"USA, Remote",25-Apr,7
Sales / Biz Dev,Arizona,USA,25-Mar,7
Other / General,Illinois,USA,24-Nov,7
Data & Analytics,Massachusetts,USA,24-Oct,7
Other / General,Tennessee,USA,24-Oct,7
Other / General,Pennsylvania,USA,24-Dec,7
Marketing / PR,Tennessee,USA,25-Mar,7
Marketing / PR,Virginia,USA,25-Mar,7
Pharmacy / Healthcare,Pennsylvania,USA,25-Feb,7
Operations / PM,New York,USA,25-Jan,7
Marketing / PR,Texas,USA,25-Feb,7
Data & Analytics,Indiana,USA,25-Apr,7
Pharmacy / Healthcare,Ohio,USA,25-Mar,7
Pharmacy / Healthcare,Ohio,USA,25-Apr,7
Software / IT / Engineering,Arizona,USA,25-Jan,7
Other / General,Minnesota,USA,25-Jan,7
Data & Analytics,Georgia,USA,25-Feb,7
Operations / PM,Maryland,USA,25-Mar,7
Other / General,Michigan,USA,24-Dec,7
Software / IT / Engineering,South Carolina,USA,25-Feb,7
Pharmacy / Healthcare,Arizona,USA,25-Feb,7
Other / General,Georgia,USA,24-Dec,7
Pharmacy / Healthcare,Alabama,USA,25-Feb,7
Operations / PM,Massachusetts,USA,25-Jan,7
Operations / PM,North Carolina,USA,25-Jan,7
Data & Analytics,Kentucky,USA,25-Feb,7
Sales / Biz Dev,New Jersey,USA,25-Apr,7
Other / General,Colorado,"USA, Remote",25-Apr,7
Marketing / PR,Illinois,USA,25-Apr,7
Other / General,Washington,"USA, Remote",25-Apr,7
Manufacturing / Supply Chain,California,USA,25-Mar,7
Other / General,Washington,USA,24-Dec,7
Other / General,Virginia,USA,25-Jan,7
Creative / UX / Design,California,USA,24-Oct,7
Marketing / PR,California,"USA, Remote",25-Mar,7
Other / General,Massachusetts,USA,24-Nov,7
Operations / PM,Arizona,USA,25-Feb,7
Operations / PM,New York,USA,24-Oct,7
Software / IT / Engineering,Georgia,USA,25-Jan,7
Other / General,South Carolina,USA,25-Feb,7
Data & Analytics,Virginia,USA,25-Apr,7
Other / General,California,USA,24-Jul,6
Software / IT / Engineering,Ohio,USA,24-Nov,6
Other / General,Georgia,USA,24-Oct,6
Data & Analytics,South Carolina,USA,25-Feb,6
Software / IT / Engineering,North Carolina,"USA, Remote",25-Mar,6
Other / General,New York,USA,24-Sep,6
Data & Analytics,California,USA,24-Sep,6
Marketing / PR,Ohio,USA,25-Mar,6
Software / IT / Engineering,Colorado,"USA, Remote",25-Feb,6
Pharmacy / Healthcare,Pennsylvania,USA,25-Apr,6
Other / General,Washington,USA,24-Nov,6
Other / General,Virginia,"USA, Remote",25-Feb,6
Data & Analytics,New York,USA,24-Dec,6
Pharmacy / Healthcare,Indiana,USA,25-Apr,6
Software / IT / Engineering,Colorado,USA,25-Jan,6
Other / General,Indiana,USA,25-Jan,6
Operations / PM,Tennessee,USA,25-Mar,6
Data & Analytics,Missouri,USA,25-Jan,6
Other / General,Connecticut,USA,25-Apr,6
Other / General,North Carolina,"USA, Remote",25-Mar,6
Creative / UX / Design,Michigan,USA,25-Feb,6
Marketing / PR,Maryland,USA,25-Mar,6
Pharmacy / Healthcare,California,USA,25-Apr,6
Legal / Policy,New York,USA,25-Mar,6
Data & Analytics,Arizona,USA,25-Mar,6
Operations / PM,Kentucky,USA,25-Mar,6
Data & Analytics,Missouri,USA,25-Mar,6
Pharmacy / Healthcare,Massachusetts,USA,25-Feb,6
Operations / PM,Pennsylvania,USA,25-Apr,6
Operations / PM,Michigan,USA,25-Apr,6
Software / IT / Engineering,California,USA,24-Aug,6
Other / General,Florida,"USA, Remote",25-Mar,6
Operations / PM,Indiana,USA,25-Mar,6
Other / General,Ohio,"USA, Remote",25-Apr,6
Operations / PM,New York,USA,24-Dec,6
Marketing / PR,Illinois,USA,25-Jan,6
Software / IT / Engineering,Pennsylvania,USA,24-Dec,6
Other / General,Illinois,USA,24-Sep,6
Software / IT / Engineering,Alabama,USA,25-Apr,6
Software / IT / Engineering,Washington,USA,24-Nov,6
Sales / Biz Dev,Washington,USA,24-Dec,6
Software / IT / Engineering,Michigan,USA,24-Dec,6
Creative / UX / Design,Georgia,USA,25-Mar,6
Sales / Biz Dev,Oregon,USA,25-Mar,6
Data & Analytics,Connecticut,USA,25-Feb,6
Software / IT / Engineering,Florida,USA,24-Oct,6
Finance / Accounting,Minnesota,USA,25-Jan,6
Finance / Accounting,Minnesota,USA,25-Mar,6
Other / General,South Carolina,"USA, Remote",25-Feb,6
Sales / Biz Dev,Virginia,USA,25-Mar,6
Sales / Biz Dev,Georgia,USA,25-Feb,6
Other / General,Florida,USA,24-Oct,6
Sales / Biz Dev,Pennsylvania,USA,25-Jan,6
Data & Analytics,Florida,"USA, Remote",25-Mar,6
Other / General,Michigan,"USA, Remote",25-Apr,6
Operations / PM,Washington,USA,25-Apr,6
Sales / Biz Dev,Michigan,USA,25-Mar,6
Operations / PM,Florida,USA,25-Feb,6
Marketing / PR,California,USA,24-Dec,6
Finance / Accounting,Illinois,USA,24-Dec,6
Other / General,Pennsylvania,"USA, Remote",25-Apr,6
Software / IT / Engineering,North Carolina,USA,24-Dec,6
Other / General,Georgia,"USA, Remote",25-Apr,6
Data & Analytics,Massachusetts,USA,24-Dec,6
Other / General,Kentucky,USA,25-Apr,6
Finance / Accounting,Massachusetts,USA,25-Apr,6
Finance / Accounting,Michigan,USA,25-Apr,6
Human Resources,California,USA,25-Feb,6
Data & Analytics,North Carolina,"USA, Remote",25-Mar,6
Sales / Biz Dev,North Carolina,USA,25-Feb,6
Software / IT / Engineering,Michigan,USA,25-Jan,6
Software / IT / Engineering,Washington,"USA, Remote",25-Mar,5
Finance / Accounting,Massachusetts,USA,24-Sep,5
Other / General,Colorado,USA,24-Dec,5
Operations / PM,Connecticut,USA,25-Apr,5
Sales / Biz Dev,North Carolina,USA,25-Apr,5
Sales / Biz Dev,Michigan,USA,25-Feb,5
Software / IT / Engineering,Virginia,USA,24-Nov,5
Manufacturing / Supply Chain,Minnesota,USA,25-Mar,5
Sales / Biz Dev,South Carolina,USA,25-Mar,5
Sales / Biz Dev,Massachusetts,USA,25-Apr,5
Other / General,Virginia,USA,24-Oct,5
Other / General,Virginia,USA,24-Nov,5
Operations / PM,Minnesota,USA,24-Dec,5
Operations / PM,Arizona,USA,25-Mar,5
Marketing / PR,Massachusetts,USA,25-Apr,5
Software / IT / Engineering,Florida,USA,24-Nov,5
Sales / Biz Dev,Massachusetts,USA,24-Sep,5
Marketing / PR,Massachusetts,USA,25-Jan,5
Data & Analytics,Missouri,USA,25-Apr,5
Data & Analytics,Illinois,USA,24-Dec,5
Software / IT / Engineering,Colorado,USA,24-Oct,5
Sales / Biz Dev,Minnesota,USA,25-Mar,5
Finance / Accounting,Massachusetts,USA,25-Jan,5
Software / IT / Engineering,Washington,"USA, Remote",25-Feb,5
Software / IT / Engineering,Texas,"USA, Remote",25-Feb,5
Finance / Accounting,Indiana,USA,25-Mar,5
Other / General,Oregon,USA,25-Jan,5
Operations / PM,Colorado,USA,25-Apr,5
Legal / Policy,Virginia,USA,25-Mar,5
Software / IT / Engineering,Kentucky,USA,25-Feb,5
Finance / Accounting,Ohio,USA,25-Apr,5
Data & Analytics,Pennsylvania,USA,25-Jan,5
Operations / PM,Connecticut,USA,25-Feb,5
Other / General,Colorado,USA,25-Jan,5
Data & Analytics,New Jersey,"USA, Remote",25-Mar,5
Software / IT / Engineering,New Jersey,USA,25-Jan,5
Software / IT / Engineering,Ohio,USA,24-Dec,5
Other / General,California,USA,23-Oct,5
Other / General,Virginia,"USA, Remote",25-Mar,5
Other / General,Ohio,"USA, Remote",25-Feb,5
Finance / Accounting,Indiana,USA,25-Apr,5
Creative / UX / Design,Washington,USA,25-Jan,5
Other / General,Arizona,"USA, Remote",25-Apr,5
Other / General,Arizona,USA,25-Jan,5
Other / General,Texas,USA,24-Sep,5
Software / IT / Engineering,Indiana,USA,25-Feb,5
Software / IT / Engineering,New York,"USA, Remote",25-Apr,5
Pharmacy / Healthcare,North Carolina,USA,25-Feb,5
Pharmacy / Healthcare,North Carolina,USA,25-Mar,5
Sales / Biz Dev,Colorado,USA,25-Mar,5
Sales / Biz Dev,Colorado,USA,25-Feb,5
Finance / Accounting,California,USA,25-Jan,5
Marketing / PR,New York,"USA, Remote",25-Apr,5
Marketing / PR,Texas,USA,24-Dec,5
Marketing / PR,Tennessee,USA,25-Feb,5
Marketing / PR,New York,"USA, Remote",25-Mar,5
Operations / PM,New York,"USA, Remote",25-Apr,5
Marketing / PR,North Carolina,USA,25-Apr,5
Marketing / PR,North Carolina,USA,25-Mar,5
Finance / Accounting,Colorado,USA,25-Jan,5
Marketing / PR,Ohio,USA,25-Apr,5
Other / General,Tennessee,"USA, Remote",25-Feb,5
Marketing / PR,Ohio,USA,25-Feb,5
Other / General,New Jersey,"USA, Remote",25-Feb,5
Other / General,New Jersey,"USA, Remote",25-Apr,5
Other / General,Texas,"USA, Remote",25-Feb,5
Pharmacy / Healthcare,Texas,USA,25-Apr,5
Software / IT / Engineering,Oregon,USA,25-Feb,5
Other / General,New Jersey,USA,25-Jan,5
Human Resources,Illinois,USA,25-Mar,5
Marketing / PR,Pennsylvania,USA,25-Apr,5
Data & Analytics,Virginia,USA,25-Jan,5
Sales / Biz Dev,Ohio,USA,25-Feb,5
Other / General,New York,"USA, Remote",25-Jan,5
Creative / UX / Design,Illinois,USA,25-Feb,5
Marketing / PR,Arizona,USA,25-Apr,5
Operations / PM,Tennessee,USA,25-Feb,5
Other / General,Georgia,"USA, Remote",25-Feb,5
Finance / Accounting,Pennsylvania,USA,25-Apr,5
Finance / Accounting,Pennsylvania,USA,25-Feb,5
Creative / UX / Design,New York,USA,25-Jan,5
Sales / Biz Dev,Kentucky,USA,25-Feb,5
Human Resources,Virginia,USA,25-Mar,5
Other / General,Arizona,"USA, Remote",25-Feb,5
Software / IT / Engineering,Illinois,USA,24-Dec,5
Software / IT / Engineering,Kentucky,USA,24-Dec,5
Pharmacy / Healthcare,Massachusetts,USA,25-Apr,5
Data & Analytics,Minnesota,USA,25-Feb,5
Other / General,Florida,USA,24-Sep,5
Sales / Biz Dev,Texas,USA,25-Jan,5
Sales / Biz Dev,Illinois,USA,24-Dec,5
Software / IT / Engineering,Ohio,"USA, Remote",25-Mar,5
Pharmacy / Healthcare,Florida,USA,25-Mar,5
Finance / Accounting,Texas,USA,25-Jan,5
Data & Analytics,Washington,"USA, Remote",25-Feb,5
Software / IT / Engineering,Illinois,USA,24-Nov,5
Pharmacy / Healthcare,New Jersey,USA,25-Apr,5
Human Resources,Wisconsin,USA,25-Mar,5
Operations / PM,South Carolina,USA,25-Mar,4
Operations / PM,New Jersey,USA,25-Apr,4
Marketing / PR,California,"USA, Remote",25-Apr,4
Marketing / PR,Connecticut,USA,25-Feb,4
Other / General,Arizona,USA,24-Oct,4
Marketing / PR,Colorado,USA,25-Feb,4
Other / General,Oregon,"USA, Remote",25-Apr,4
Marketing / PR,New York,USA,25-Jan,4
Operations / PM,South Carolina,USA,25-Feb,4
Marketing / PR,Georgia,USA,25-Feb,4
Other / General,Kentucky,USA,24-Dec,4
Marketing / PR,Tennessee,USA,25-Apr,4
Other / General,Missouri,USA,24-Dec,4
Operations / PM,Wisconsin,USA,25-Apr,4
Other / General,Florida,USA,24-Nov,4
Marketing / PR,Washington,"USA, Remote",25-Mar,4
Operations / PM,Alabama,USA,25-Apr,4
Operations / PM,Alabama,USA,25-Mar,4
Operations / PM,New York,"USA, Remote",25-Feb,4
Other / General,Michigan,USA,24-Aug,4
Other / General,Massachusetts,"USA, Remote",25-Apr,4
Other / General,Kentucky,USA,25-Feb,4
Operations / PM,Washington,USA,25-Feb,4
Operations / PM,Florida,USA,25-Jan,4
Operations / PM,North Carolina,USA,25-Feb,4
Operations / PM,Connecticut,USA,25-Mar,4
Operations / PM,North Carolina,USA,24-Nov,4
Marketing / PR,South Carolina,USA,25-Mar,4
Other / General,Indiana,"USA, Remote",25-Apr,4
Marketing / PR,Pennsylvania,USA,25-Feb,4
Operations / PM,Washington,USA,24-Nov,4
Marketing / PR,Georgia,"USA, Remote",25-Apr,4
Other / General,Ohio,USA,24-Dec,4
Marketing / PR,Massachusetts,USA,24-Dec,4
Other / General,California,USA,24-Jan,4
Operations / PM,New York,USA,24-Nov,4
Operations / PM,Massachusetts,USA,24-Oct,4
Marketing / PR,Michigan,USA,25-Mar,4
Marketing / PR,Minnesota,USA,25-Feb,4
Other / General,New Jersey,USA,24-Oct,4
Other / General,Connecticut,USA,24-Dec,4
Marketing / PR,New York,USA,24-Dec,4
Operations / PM,Indiana,USA,25-Apr,4
Marketing / PR,New York,"USA, Remote",25-Feb,4
Operations / PM,Texas,USA,24-Dec,4
Operations / PM,Texas,USA,24-Nov,4
Operations / PM,Ohio,USA,25-Feb,4
Operations / PM,Tennessee,USA,25-Apr,4
Pharmacy / Healthcare,Wisconsin,USA,25-Mar,4
Software / IT / Engineering,Georgia,USA,24-Oct,4
Data & Analytics,New Jersey,"USA, Remote",25-Feb,4
Software / IT / Engineering,California,"USA, Remote",25-Apr,4
Software / IT / Engineering,Colorado,USA,24-Dec,4
Software / IT / Engineering,Colorado,"USA, Remote",25-Mar,4
Pharmacy / Healthcare,Texas,USA,24-Sep,4
Human Resources,Massachusetts,USA,25-Feb,4
Data & Analytics,Ohio,USA,24-Nov,4
Human Resources,Michigan,USA,25-Feb,4
Pharmacy / Healthcare,Tennessee,USA,25-Feb,4
Data & Analytics,North Carolina,USA,25-Apr,4
Data & Analytics,New York,"USA, Remote",25-Apr,4
Data & Analytics,New York,USA,24-Nov,4
Software / IT / Engineering,Florida,"USA, Remote",25-Mar,4
Legal / Policy,Illinois,USA,25-Jan,4
Pharmacy / Healthcare,Oregon,USA,25-Apr,4
Human Resources,Pennsylvania,USA,25-Jan,4
Software / IT / Engineering,Illinois,"USA, Remote",25-Apr,4
Software / IT / Engineering,Illinois,"USA, Remote",25-Feb,4
Software / IT / Engineering,Kentucky,USA,25-Jan,4
Software / IT / Engineering,Maryland,USA,24-Dec,4
Pharmacy / Healthcare,Kentucky,USA,25-Feb,4
Pharmacy / Healthcare,Illinois,USA,25-Mar,4
Pharmacy / Healthcare,Illinois,USA,25-Apr,4
Software / IT / Engineering,Massachusetts,"USA, Remote",25-Feb,4
Data & Analytics,California,"USA, Remote",25-Feb,4
Human Resources,Georgia,USA,25-Mar,4
Pharmacy / Healthcare,Washington,USA,25-Apr,4
Sales / Biz Dev,California,USA,24-Dec,4
Data & Analytics,Washington,"USA, Remote",25-Mar,4
Finance / Accounting,Missouri,USA,25-Feb,4
Finance / Accounting,North Carolina,USA,25-Mar,4
Finance / Accounting,Ohio,USA,24-Dec,4
Finance / Accounting,Minnesota,USA,25-Apr,4
Sales / Biz Dev,New York,USA,25-Jan,4
Finance / Accounting,Michigan,USA,25-Mar,4
Marketing / PR,California,USA,24-Oct,4
Finance / Accounting,Michigan,USA,24-Dec,4
Finance / Accounting,Pennsylvania,USA,25-Jan,4
Finance / Accounting,Kentucky,USA,25-Apr,4
Sales / Biz Dev,Pennsylvania,USA,25-Apr,4
Finance / Accounting,Illinois,USA,25-Jan,4
Sales / Biz Dev,South Carolina,USA,25-Apr,4
Finance / Accounting,Georgia,USA,25-Feb,4
Sales / Biz Dev,Georgia,USA,25-Jan,4
Sales / Biz Dev,Texas,USA,24-Dec,4
Sales / Biz Dev,Texas,USA,24-Sep,4
Finance / Accounting,Virginia,USA,25-Apr,4
Finance / Accounting,Virginia,USA,25-Mar,4
Sales / Biz Dev,Virginia,USA,25-Apr,4
Sales / Biz Dev,Washington,USA,25-Apr,4
Finance / Accounting,California,USA,24-Dec,4
Sales / Biz Dev,California,"USA, Remote",25-Feb,4
Software / IT / Engineering,Michigan,"USA, Remote",25-Feb,4
Finance / Accounting,New Jersey,USA,25-Feb,4
Software / IT / Engineering,New York,"USA, Remote",25-Mar,4
Pharmacy / Healthcare,Arizona,USA,25-Mar,4
Software / IT / Engineering,North Carolina,USA,24-Sep,4
Other / General,Washington,"USA, Remote",25-Mar,4
Pharmacy / Healthcare,California,USA,24-Oct,4
Other / General,Tennessee,USA,24-Nov,4
Software / IT / Engineering,Virginia,"USA, Remote",25-Apr,4
Software / IT / Engineering,Washington,"USA, Remote",25-Jan,4
Other / General,Tennessee,USA,25-Jan,4
Other / General,Virginia,USA,24-Dec,4
Creative / UX / Design,Virginia,USA,25-Mar,4
Creative / UX / Design,Pennsylvania,USA,25-Mar,4
Software / IT / Engineering,Missouri,USA,25-Jan,4
Software / IT / Engineering,Texas,"USA, Remote",25-Mar,4
Other / General,Pennsylvania,"USA, Remote",25-Mar,4
Manufacturing / Supply Chain,Massachusetts,USA,25-Mar,4
Other / General,Wisconsin,USA,25-Jan,4
Creative / UX / Design,Kentucky,USA,24-Dec,4
Software / IT / Engineering,Pennsylvania,USA,24-Nov,4
Software / IT / Engineering,Pennsylvania,"USA, Remote",25-Feb,4
Software / IT / Engineering,Pennsylvania,"USA, Remote",25-Mar,3
Finance / Accounting,California,USA,24-Oct,3
Finance / Accounting,Colorado,USA,25-Apr,3
Operations / PM,Illinois,USA,24-Oct,3
Data & Analytics,Alabama,USA,25-Apr,3
Sales / Biz Dev,Wisconsin,USA,25-Feb,3
Operations / PM,Illinois,USA,25-Jan,3
Finance / Accounting,Arizona,USA,25-Mar,3
Software / IT / Engineering,South Carolina,USA,25-Apr,3
Finance / Accounting,Arizona,USA,24-Aug,3
Data & Analytics,Wisconsin,USA,25-Feb,3
Other / General,Indiana,USA,24-Dec,3
Other / General,Illinois,"USA, Remote",25-Mar,3
Data & Analytics,Wisconsin,USA,24-Dec,3
Operations / PM,Maryland,USA,25-Apr,3
Data & Analytics,Washington,"USA, Remote",25-Apr,3
Finance / Accounting,Arizona,USA,25-Feb,3
Sales / Biz Dev,Tennessee,USA,25-Feb,3
Software / IT / Engineering,Tennessee,USA,24-Oct,3
Creative / UX / Design,Maryland,USA,24-Dec,3
Finance / Accounting,Missouri,USA,25-Mar,3
Other / General,Arizona,USA,24-Dec,3
Sales / Biz Dev,New Jersey,USA,25-Mar,3
Sales / Biz Dev,New York,USA,24-Nov,3
Creative / UX / Design,California,USA,21-Aug,3
Other / General,Alabama,"USA, Remote",25-Apr,3
Creative / UX / Design,California,USA,24-Dec,3
Software / IT / Engineering,Wisconsin,USA,24-Dec,3
Operations / PM,California,"USA, Remote",25-Apr,3
Other / General,Maryland,"USA, Remote",25-Apr,3
Finance / Accounting,Massachusetts,USA,24-Oct,3
Sales / Biz Dev,Ohio,USA,25-Apr,3
Other / General,Maryland,USA,25-Jan,3
Creative / UX / Design,California,"USA, Remote",25-Jan,3
Sales / Biz Dev,Oregon,USA,24-Dec,3
Sales / Biz Dev,Oregon,USA,25-Apr,3
Sales / Biz Dev,Oregon,USA,25-Feb,3
Creative / UX / Design,Colorado,USA,21-Aug,3
Other / General,Kentucky,"USA, Remote",25-Apr,3
Other / General,Arizona,"USA, Remote",25-Mar,3
Software / IT / Engineering,Virginia,USA,24-Oct,3
Operations / PM,Massachusetts,USA,24-Nov,3
Software / IT / Engineering,Texas,"USA, Remote",25-Jan,3
Software / IT / Engineering,California,USA,22-Jan,3
Data & Analytics,Texas,USA,24-Oct,3
Software / IT / Engineering,California,USA,24-Jul,3
Data & Analytics,Florida,"USA, Remote",25-Feb,3
Data & Analytics,Michigan,USA,24-Dec,3
Software / IT / Engineering,New Jersey,"USA, Remote",24-Dec,3
Creative / UX / Design,Virginia,USA,25-Feb,3
Software / IT / Engineering,Illinois,"USA, Remote",25-Mar,3
Other / General,Florida,"USA, Remote",25-Apr,3
Data & Analytics,Maryland,USA,25-Apr,3
Operations / PM,New York,"USA, Remote",25-Mar,3
Data & Analytics,Indiana,USA,25-Feb,3
Creative / UX / Design,Washington,USA,24-Oct,3
Software / IT / Engineering,New Jersey,USA,24-Oct,3
Software / IT / Engineering,Massachusetts,USA,24-Aug,3
Data & Analytics,Florida,"USA, Remote",25-Apr,3
Data & Analytics,Texas,"USA, Remote",25-Mar,3
Creative / UX / Design,Wisconsin,USA,24-Dec,3
Data & Analytics,Florida,USA,25-Jan,3
Software / IT / Engineering,Massachusetts,"USA, Remote",25-Apr,3
Creative / UX / Design,Wisconsin,USA,25-Apr,3
Data & Analytics,California,"USA, Remote",25-Jan,3
Creative / UX / Design,Wisconsin,USA,25-Mar,3
Other / General,Connecticut,"USA, Remote",25-Mar,3
Other / General,Connecticut,"USA, Remote",25-Apr,3
Other / General,Connecticut,USA,25-Jan,3
Operations / PM,Oregon,USA,25-Feb,3
Data & Analytics,California,USA,23-Sep,3
Software / IT / Engineering,Illinois,USA,24-Sep,3
Data & Analytics,Minnesota,USA,24-Dec,3
Sales / Biz Dev,Missouri,USA,25-Mar,3
Data & Analytics,New Jersey,USA,25-Jan,3
Data & Analytics,Texas,"USA, Remote",25-Feb,3
Creative / UX / Design,New York,USA,24-Nov,3
Data & Analytics,Arizona,USA,24-Dec,3
Operations / PM,Michigan,USA,24-Dec,3
Data & Analytics,Tennessee,USA,25-Feb,3
Creative / UX / Design,New York,USA,24-Oct,3
Creative / UX / Design,New York,"USA, Remote",25-Feb,3
Software / IT / Engineering,Ohio,USA,24-Sep,3
Other / General,California,"USA, Remote",24-Oct,3
Data & Analytics,Oregon,USA,25-Feb,3
Creative / UX / Design,Ohio,USA,25-Apr,3
Software / IT / Engineering,North Carolina,"USA, Remote",25-Feb,3
Other / General,Illinois,USA,24-Aug,3
Operations / PM,Missouri,USA,25-Feb,3
Other / General,Georgia,"USA, Remote",25-Mar,3
Creative / UX / Design,Oregon,USA,21-Aug,3
Software / IT / Engineering,Florida,USA,24-Dec,3
Data & Analytics,North Carolina,"USA, Remote",25-Apr,3
Software / IT / Engineering,Florida,"USA, Remote",25-Feb,3
Software / IT / Engineering,New York,"USA, Remote",24-Dec,3
Creative / UX / Design,Texas,USA,21-Aug,3
Other / General,Georgia,USA,24-Sep,3
Software / IT / Engineering,New Jersey,"USA, Remote",25-Mar,3
Other / General,Pennsylvania,"USA, Remote",25-Feb,3
Other / General,Maryland,"USA, Remote",25-Mar,3
Pharmacy / Healthcare,Florida,USA,25-Feb,3
Human Resources,Texas,USA,25-Apr,3
Other / General,Missouri,"USA, Remote",25-Apr,3
Pharmacy / Healthcare,Washington,USA,25-Feb,3
Human Resources,Florida,USA,25-Jan,3
Marketing / PR,Georgia,"USA, Remote",25-Mar,3
Pharmacy / Healthcare,Florida,USA,24-Oct,3
Pharmacy / Healthcare,Minnesota,USA,25-Feb,3
Marketing / PR,Pennsylvania,"USA, Remote",25-Mar,3
Pharmacy / Healthcare,Michigan,USA,25-Apr,3
Sales / Biz Dev,California,USA,24-Nov,3
Sales / Biz Dev,California,USA,25-Apr,3
Other / General,New Jersey,USA,24-Dec,3
Other / General,New York,"USA, Remote",24-Dec,3
Manufacturing / Supply Chain,Minnesota,USA,25-Jan,3
Human Resources,California,USA,25-Apr,3
Human Resources,California,USA,24-Nov,3
Sales / Biz Dev,California,"USA, Remote",25-Mar,3
Manufacturing / Supply Chain,New York,USA,25-Mar,3
Pharmacy / Healthcare,Massachusetts,USA,25-Jan,3
Human Resources,Arizona,USA,25-Mar,3
Other / General,Minnesota,"USA, Remote",25-Apr,3
Manufacturing / Supply Chain,California,USA,25-Feb,3
Pharmacy / Healthcare,Washington,USA,24-Oct,3
Human Resources,Virginia,USA,25-Feb,3
Other / General,Ohio,USA,24-Sep,3
Marketing / PR,Indiana,USA,25-Mar,3
Human Resources,New Jersey,USA,25-Apr,3
Human Resources,Missouri,USA,25-Jan,3
Pharmacy / Healthcare,Alabama,USA,25-Apr,3
Other / General,Wisconsin,"USA, Remote",25-Mar,3
Human Resources,Minnesota,USA,25-Mar,3
Pharmacy / Healthcare,Tennessee,USA,25-Apr,3
Marketing / PR,North Carolina,USA,25-Feb,3
Legal / Policy,Pennsylvania,USA,25-Feb,3
Other / General,New Jersey,"USA, Remote",25-Mar,3
Pharmacy / Healthcare,Missouri,USA,25-Mar,3
Marketing / PR,Illinois,"USA, Remote",25-Apr,3
Pharmacy / Healthcare,New York,USA,25-Mar,3
Legal / Policy,Texas,USA,25-Feb,3
Legal / Policy,Texas,USA,25-Mar,3
Human Resources,Massachusetts,USA,25-Apr,3
Pharmacy / Healthcare,California,USA,24-Nov,3
Human Resources,Massachusetts,USA,24-Dec,3
Human Resources,Pennsylvania,USA,25-Mar,3
Legal / Policy,Washington,USA,25-Jan,3
Human Resources,New York,USA,25-Mar,3
Human Resources,New York,USA,25-Apr,3
Sales / Biz Dev,Colorado,USA,25-Apr,3
Sales / Biz Dev,Maryland,USA,25-Mar,3
Marketing / PR,Michigan,USA,25-Feb,3
Marketing / PR,Colorado,USA,25-Mar,3
Finance / Accounting,Tennessee,USA,25-Apr,3
Pharmacy / Healthcare,Connecticut,USA,25-Apr,3
Other / General,South Carolina,"USA, Remote",25-Apr,3
Sales / Biz Dev,Kentucky,USA,25-Mar,3
Marketing / PR,Massachusetts,"USA, Remote",25-Mar,3
Pharmacy / Healthcare,Florida,USA,25-Jan,3
Sales / Biz Dev,Maryland,USA,25-Feb,3
Sales / Biz Dev,Massachusetts,USA,24-Dec,3
Pharmacy / Healthcare,Georgia,USA,25-Mar,3
Finance / Accounting,Ohio,USA,25-Feb,3
Marketing / PR,Massachusetts,"USA, Remote",25-Apr,3
Other / General,Massachusetts,"USA, Remote",25-Jan,3
Operations / PM,Arizona,USA,25-Apr,3
Marketing / PR,California,USA,24-Nov,3
Other / General,Massachusetts,"USA, Remote",25-Feb,3
Finance / Accounting,North Carolina,USA,25-Feb,3
Sales / Biz Dev,Massachusetts,USA,25-Jan,3
Sales / Biz Dev,Minnesota,USA,25-Feb,3
Finance / Accounting,Wisconsin,USA,25-Feb,3
Other / General,Tennessee,"USA, Remote",25-Apr,3
Legal / Policy,Illinois,USA,25-Feb,3
Other / General,Minnesota,USA,24-Nov,3
Finance / Accounting,Washington,USA,25-Feb,3
Other / General,Texas,USA,24-Aug,3
Sales / Biz Dev,Florida,"USA, Remote",25-Mar,3
Marketing / PR,Virginia,USA,25-Apr,3
Marketing / PR,Virginia,USA,25-Feb,3
Other / General,Tennessee,"USA, Remote",25-Mar,3
Marketing / PR,Texas,"USA, Remote",25-Apr,3
Other / General,Texas,USA,24-Apr,3
Marketing / PR,Minnesota,USA,25-Apr,3
Sales / Biz Dev,Illinois,USA,25-Apr,3
Legal / Policy,Illinois,USA,25-Apr,3
Marketing / PR,Connecticut,USA,25-Mar,3
Finance / Accounting,Tennessee,USA,25-Mar,3
Marketing / PR,Washington,"USA, Remote",25-Apr,3
Pharmacy / Healthcare,Kentucky,USA,25-Apr,3
Pharmacy / Healthcare,Connecticut,USA,25-Feb,2
Pharmacy / Healthcare,Colorado,USA,24-Oct,2
Pharmacy / Healthcare,Colorado,USA,25-Feb,2
Software / IT / Engineering,Missouri,USA,24-Aug,2
Pharmacy / Healthcare,Arizona,USA,24-Sep,2
Pharmacy / Healthcare,California,USA,25-Jan,2
Other / General,Ohio,USA,24-Oct,2
Other / General,Ohio,USA,24-Aug,2
Sales / Biz Dev,Missouri,USA,25-Feb,2
Other / General,Colorado,USA,24-Jan,2
Software / IT / Engineering,New York,USA,24-Jul,2
Software / IT / Engineering,Wisconsin,USA,25-Jan,2
Other / General,South Carolina,USA,24-Dec,2
Other / General,South Carolina,USA,24-Oct,2
Software / IT / Engineering,Wisconsin,USA,24-Nov,2
Other / General,South Carolina,"USA, Remote",25-Mar,2
Other / General,Tennessee,USA,24-Sep,2
Software / IT / Engineering,Washington,USA,24-Dec,2
Software / IT / Engineering,Virginia,"USA, Remote",25-Mar,2
Software / IT / Engineering,Virginia,"USA, Remote",24-Oct,2
Other / General,Pennsylvania,USA,24-Oct,2
Other / General,Pennsylvania,USA,24-Aug,2
Other / General,Oregon,"USA, Remote",25-Mar,2
Other / General,Texas,USA,24-Jan,2
Software / IT / Engineering,Tennessee,USA,24-Nov,2
Other / General,Oregon,"USA, Remote",25-Feb,2
Other / General,California,USA,24-Jun,2
Software / IT / Engineering,South Carolina,USA,24-Dec,2
Software / IT / Engineering,Pennsylvania,"USA, Remote",25-Apr,2
Software / IT / Engineering,Pennsylvania,USA,24-Sep,2
Software / IT / Engineering,Pennsylvania,USA,24-Oct,2
Other / General,Washington,USA,21-Dec,2
Software / IT / Engineering,Pennsylvania,USA,24-Mar,2
Software / IT / Engineering,Ohio,"USA, Remote",24-Dec,2
Software / IT / Engineering,Ohio,USA,24-Oct,2
Software / IT / Engineering,Ohio,USA,23-Sep,2
Other / General,Washington,"USA, Remote",25-Jan,2
Other / General,Wisconsin,USA,24-Nov,2
Other / General,Oregon,USA,24-Jan,2
Other / General,Wisconsin,"USA, Remote",25-Apr,2
Other / General,Washington,USA,24-Sep,2
Pharmacy / Healthcare,Ohio,USA,25-Feb,2
Software / IT / Engineering,Minnesota,USA,24-Nov,2
Sales / Biz Dev,Georgia,"USA, Remote",25-Mar,2
Sales / Biz Dev,California,USA,24-Oct,2
Software / IT / Engineering,Arizona,"USA, Remote",25-Feb,2
Other / General,Missouri,USA,24-Sep,2
Other / General,Illinois,"USA, Remote",25-Feb,2
Software / IT / Engineering,Arizona,USA,24-Dec,2
Software / IT / Engineering,Alabama,USA,25-Jan,2
Sales / Biz Dev,Colorado,USA,24-Dec,2
Software / IT / Engineering,Alabama,USA,24-Dec,2
Sales / Biz Dev,Connecticut,USA,25-Mar,2
Sales / Biz Dev,Wisconsin,USA,24-Dec,2
Other / General,Indiana,"USA, Remote",25-Mar,2
Other / General,Kentucky,USA,24-Oct,2
Other / General,Minnesota,USA,24-Oct,2
Sales / Biz Dev,Texas,USA,24-Oct,2
Sales / Biz Dev,South Carolina,USA,25-Feb,2
Software / IT / Engineering,California,USA,23-Mar,2
Other / General,Michigan,"USA, Remote",25-Mar,2
Other / General,Kentucky,"USA, Remote",25-Mar,2
Sales / Biz Dev,Pennsylvania,USA,25-Feb,2
Other / General,Maryland,USA,24-Jul,2
Other / General,Maryland,USA,24-Oct,2
Other / General,Michigan,"USA, Remote",25-Jan,2
Sales / Biz Dev,Indiana,USA,25-Apr,2
Sales / Biz Dev,Indiana,USA,25-Feb,2
Sales / Biz Dev,Kentucky,USA,24-Dec,2
Sales / Biz Dev,Maryland,USA,24-Dec,2
Sales / Biz Dev,North Carolina,USA,25-Jan,2
Other / General,Massachusetts,USA,23-Sep,2
Sales / Biz Dev,Massachusetts,USA,24-Oct,2
Sales / Biz Dev,Michigan,USA,24-Dec,2
Software / IT / Engineering,Arizona,"USA, Remote",25-Mar,2
Sales / Biz Dev,Arizona,"USA, Remote",25-Mar,2
Software / IT / Engineering,Michigan,"USA, Remote",25-Jan,2
Pharmacy / Healthcare,Oregon,USA,25-Feb,2
Pharmacy / Healthcare,Georgia,USA,25-Apr,2
Pharmacy / Healthcare,Illinois,USA,24-Oct,2
Pharmacy / Healthcare,Illinois,USA,25-Feb,2
Software / IT / Engineering,Massachusetts,USA,24-Sep,2
Software / IT / Engineering,Maryland,"USA, Remote",25-Mar,2
Software / IT / Engineering,Maryland,USA,25-Jan,2
Pharmacy / Healthcare,Maryland,USA,25-Apr,2
Software / IT / Engineering,Indiana,USA,24-Dec,2
Pharmacy / Healthcare,New York,USA,24-Nov,2
Pharmacy / Healthcare,New York,USA,25-Feb,2
Software / IT / Engineering,Georgia,"USA, Remote",25-Feb,2
Software / IT / Engineering,Georgia,"USA, Remote",25-Apr,2
Sales / Biz Dev,Missouri,USA,25-Apr,2
Software / IT / Engineering,Georgia,USA,24-Dec,2
Pharmacy / Healthcare,South Carolina,USA,25-Mar,2
Pharmacy / Healthcare,Washington,USA,25-Mar,2
Software / IT / Engineering,Florida,"USA, Remote",25-Apr,2
Pharmacy / Healthcare,Tennessee,USA,24-Oct,2
Other / General,Georgia,"USA, Remote",25-Jan,2
Other / General,New York,USA,24-Aug,2
Other / General,Illinois,USA,23-Jan,2
Pharmacy / Healthcare,Tennessee,USA,25-Mar,2
Software / IT / Engineering,Connecticut,"USA, Remote",25-Apr,2
Pharmacy / Healthcare,Texas,USA,24-Oct,2
Software / IT / Engineering,Connecticut,USA,25-Jan,2
Software / IT / Engineering,Connecticut,USA,24-Nov,2
Software / IT / Engineering,Colorado,"USA, Remote",25-Apr,2
Pharmacy / Healthcare,Virginia,USA,24-Nov,2
Pharmacy / Healthcare,Virginia,USA,24-Oct,2
Software / IT / Engineering,California,"USA, Remote",24-Oct,2
Operations / PM,New York,"USA, Canada",25-Mar,2
Software / IT / Engineering,Wisconsin,"USA, Remote",25-Feb,2
Marketing / PR,Alabama,USA,25-Mar,2
Manufacturing / Supply Chain,New York,USA,25-Apr,2
Data & Analytics,Kentucky,USA,25-Apr,2
Data & Analytics,Indiana,"USA, Remote",25-Mar,2
Data & Analytics,Illinois,"USA, Remote",25-Feb,2
Data & Analytics,Illinois,"USA, Remote",25-Apr,2
Data & Analytics,Illinois,"USA, Remote",24-Dec,2
Data & Analytics,Illinois,"USA, Canada",25-Feb,2
Manufacturing / Supply Chain,Texas,USA,25-Apr,2
Manufacturing / Supply Chain,Texas,USA,25-Feb,2
Data & Analytics,Illinois,USA,24-Oct,2
Data & Analytics,Georgia,"USA, Remote",25-Mar,2
Data & Analytics,Georgia,"USA, Remote",25-Feb,2
Data & Analytics,Georgia,USA,25-Jan,2
Data & Analytics,Florida,USA,24-Oct,2
Data & Analytics,Connecticut,"USA, Remote",25-Mar,2
Marketing / PR,Arizona,"USA, Remote",25-Mar,2
Manufacturing / Supply Chain,Oregon,USA,25-Jan,2
Data & Analytics,Maryland,USA,25-Feb,2
Creative / UX / Design,North Carolina,USA,24-Dec,2
Data & Analytics,Massachusetts,"USA, Remote",25-Apr,2
Data & Analytics,North Carolina,USA,25-Jan,2
Legal / Policy,New York,USA,25-Feb,2
Data & Analytics,North Carolina,USA,24-Nov,2
Legal / Policy,New York,USA,25-Jan,2
Legal / Policy,Pennsylvania,USA,25-Mar,2
Data & Analytics,New Jersey,"USA, Remote",25-Apr,2
Data & Analytics,New Jersey,USA,24-Dec,2
Manufacturing / Supply Chain,Arizona,USA,25-Jan,2
Manufacturing / Supply Chain,California,USA,24-Oct,2
Manufacturing / Supply Chain,Illinois,USA,25-Mar,2
Data & Analytics,Michigan,"USA, Remote",25-Mar,2
Data & Analytics,Michigan,USA,25-Jan,2
Manufacturing / Supply Chain,Maryland,USA,25-Mar,2
Data & Analytics,Massachusetts,"USA, USA - Remote",25-Feb,2
Manufacturing / Supply Chain,Massachusetts,USA,25-Apr,2
Data & Analytics,Connecticut,USA,25-Apr,2
Marketing / PR,Colorado,"USA, Remote",25-Apr,2
Marketing / PR,Colorado,"USA, Remote",25-Mar,2
Data & Analytics,Colorado,"USA, Remote",25-Feb,2
Marketing / PR,Missouri,USA,25-Mar,2
Marketing / PR,New Jersey,USA,24-Nov,2
Marketing / PR,New Jersey,"USA, Remote",25-Apr,2
Marketing / PR,North Carolina,USA,24-Dec,2
Marketing / PR,North Carolina,USA,25-Jan,2
Marketing / PR,North Carolina,"USA, Remote",25-Apr,2
Creative / UX / Design,Texas,"USA, Remote",25-Mar,2
Marketing / PR,Ohio,"USA, Remote",25-Feb,2
Marketing / PR,Oregon,USA,25-Mar,2
Marketing / PR,Pennsylvania,"USA, Remote",25-Apr,2
Creative / UX / Design,Tennessee,USA,24-Dec,2
Creative / UX / Design,Oregon,USA,25-Mar,2
Marketing / PR,Virginia,"USA, Remote",25-Mar,2
Marketing / PR,Washington,USA,25-Jan,2
Creative / UX / Design,North Carolina,USA,25-Jan,2
Creative / UX / Design,Virginia,USA,25-Apr,2
Creative / UX / Design,Washington,USA,25-Apr,2
Creative / UX / Design,Washington,"USA, Remote",25-Feb,2
Marketing / PR,Illinois,USA,24-Nov,2
Data & Analytics,California,"USA, USA - Remote",25-Feb,2
Marketing / PR,Connecticut,"USA, Remote",25-Apr,2
Data & Analytics,California,USA,24-Aug,2
Marketing / PR,Florida,USA,25-Feb,2
Marketing / PR,Florida,"USA, Remote",25-Mar,2
Marketing / PR,Illinois,USA,24-Dec,2
Data & Analytics,Arizona,"USA, Remote",25-Mar,2
Marketing / PR,Massachusetts,USA,24-Sep,2
Data & Analytics,Arizona,"USA, Remote",25-Feb,2
Data & Analytics,Arizona,USA,24-Nov,2
Marketing / PR,Illinois,"USA, Remote",25-Mar,2
Marketing / PR,Maryland,USA,25-Feb,2
Marketing / PR,Maryland,"USA, Remote",25-Mar,2
Marketing / PR,Massachusetts,USA,24-Aug,2
Data & Analytics,North Carolina,"USA, Remote",25-Feb,2
Data & Analytics,Ohio,USA,24-Dec,2
Legal / Policy,Michigan,USA,25-Feb,2
Human Resources,Illinois,USA,25-Feb,2
Finance / Accounting,Illinois,"USA, Remote",25-Mar,2
Finance / Accounting,Illinois,USA,24-Sep,2
Human Resources,Arizona,"USA, Remote",25-Feb,2
Human Resources,California,USA,24-Dec,2
Finance / Accounting,Georgia,USA,25-Apr,2
Finance / Accounting,Georgia,USA,24-Oct,2
Finance / Accounting,Georgia,USA,24-Dec,2
Finance / Accounting,Florida,"USA, Remote",25-Mar,2
Finance / Accounting,Florida,USA,25-Jan,2
Finance / Accounting,Florida,USA,24-Sep,2
Finance / Accounting,Connecticut,USA,25-Jan,2
Human Resources,Florida,USA,25-Apr,2
Human Resources,Florida,USA,25-Mar,2
Finance / Accounting,Connecticut,USA,25-Feb,2
Finance / Accounting,Colorado,USA,25-Feb,2
Finance / Accounting,Kentucky,USA,24-Dec,2
Finance / Accounting,Kentucky,USA,25-Feb,2
Finance / Accounting,Washington,"USA, Remote",25-Feb,2
Finance / Accounting,Missouri,USA,24-Dec,2
Finance / Accounting,New York,USA,24-Nov,2
Finance / Accounting,North Carolina,USA,24-Dec,2
Finance / Accounting,Ohio,USA,25-Jan,2
Finance / Accounting,Oregon,"USA, Remote",25-Mar,2
Finance / Accounting,Missouri,USA,25-Apr,2
Finance / Accounting,Missouri,USA,24-Nov,2
Finance / Accounting,Minnesota,USA,25-Feb,2
Finance / Accounting,Kentucky,USA,25-Mar,2
Finance / Accounting,Tennessee,USA,25-Feb,2
Finance / Accounting,Michigan,USA,25-Feb,2
Finance / Accounting,Texas,USA,24-Aug,2
Finance / Accounting,Texas,USA,24-Sep,2
Finance / Accounting,Virginia,USA,25-Feb,2
Finance / Accounting,Maryland,USA,25-Feb,2
Human Resources,Illinois,USA,25-Apr,2
Human Resources,Illinois,USA,25-Jan,2
Data & Analytics,Ohio,"USA, Remote",25-Feb,2
Finance / Accounting,California,USA,24-Sep,2
Human Resources,Texas,"USA, Remote",25-Feb,2
Data & Analytics,Virginia,USA,24-Dec,2
Data & Analytics,Texas,USA,24-Sep,2
Data & Analytics,Texas,USA,24-Dec,2
Data & Analytics,Tennessee,"USA, Remote",25-Feb,2
Data & Analytics,Tennessee,USA,24-Nov,2
Data & Analytics,South Carolina,"USA, Remote",25-Feb,2
Data & Analytics,South Carolina,USA,25-Apr,2
Data & Analytics,Pennsylvania,"USA, Remote",25-Apr,2
Data & Analytics,Pennsylvania,USA,24-Sep,2
Data & Analytics,Pennsylvania,USA,24-Nov,2
Data & Analytics,Pennsylvania,USA,24-Dec,2
Legal / Policy,Illinois,USA,24-Oct,2
Legal / Policy,Illinois,USA,25-Mar,2
Data & Analytics,Oregon,USA,25-Mar,2
Human Resources,Texas,USA,25-Feb,2
Data & Analytics,Virginia,"USA, Remote",25-Feb,2
Data & Analytics,Washington,USA,24-Dec,2
Finance / Accounting,Alabama,USA,25-Apr,2
Human Resources,Massachusetts,USA,25-Jan,2
Human Resources,Michigan,USA,25-Mar,2
Human Resources,Minnesota,USA,25-Feb,2
Finance / Accounting,California,USA,23-Sep,2
Human Resources,New York,USA,24-Nov,2
Human Resources,New York,USA,25-Feb,2
Human Resources,New York,"USA, Remote",25-Feb,2
Data & Analytics,Washington,"USA, Remote",25-Jan,2
Human Resources,North Carolina,USA,25-Feb,2
Human Resources,Ohio,USA,25-Feb,2
Data & Analytics,Wisconsin,USA,25-Apr,2
Human Resources,Oregon,USA,25-Apr,2
Human Resources,Oregon,USA,25-Mar,2
Human Resources,Pennsylvania,USA,25-Feb,2
Creative / UX / Design,North Carolina,USA,25-Feb,2
Finance / Accounting,New York,USA,25-Jan,2
Operations / PM,Illinois,USA,24-Dec,2
Operations / PM,Tennessee,USA,25-Jan,2
Operations / PM,South Carolina,USA,25-Apr,2
Operations / PM,Illinois,USA,24-Nov,2
Operations / PM,North Carolina,"USA, Remote",25-Apr,2
Operations / PM,Georgia,"USA, Remote",25-Feb,2
Operations / PM,South Carolina,"USA, Remote",25-Feb,2
Operations / PM,Florida,"USA, Remote",25-Feb,2
Operations / PM,Florida,"USA, Remote",25-Apr,2
Operations / PM,Tennessee,USA,24-Oct,2
Operations / PM,Florida,USA,24-Oct,2
Operations / PM,Florida,USA,24-Nov,2
Operations / PM,Tennessee,"USA, Remote",25-Feb,2
Creative / UX / Design,Massachusetts,USA,25-Apr,2
Operations / PM,Texas,USA,23-May,2
Operations / PM,Connecticut,USA,25-Jan,2
Operations / PM,Texas,USA,24-Sep,2
Operations / PM,Texas,"USA, Remote",25-Feb,2
Operations / PM,Colorado,"USA, Remote",25-Mar,2
Operations / PM,Colorado,USA,25-Jan,2
Operations / PM,California,"USA, Remote",25-Mar,2
Operations / PM,California,"USA, Remote",25-Jan,2
Operations / PM,California,"USA, Remote",25-Feb,2
Operations / PM,Virginia,USA,24-Nov,2
Creative / UX / Design,Florida,USA,24-Dec,2
Creative / UX / Design,Massachusetts,USA,24-Oct,2
Operations / PM,Virginia,"USA, Remote",25-Feb,2
Operations / PM,Ohio,"USA, Remote",25-Feb,2
Operations / PM,North Carolina,USA,24-Dec,2
Creative / UX / Design,Illinois,USA,24-Dec,2
Operations / PM,North Carolina,"USA, Remote",25-Feb,2
Creative / UX / Design,Illinois,USA,25-Jan,2
Operations / PM,Ohio,USA,24-Nov,2
Operations / PM,New York,USA,24-Sep,2
Operations / PM,New Jersey,"USA, Remote",25-Feb,2
Operations / PM,New Jersey,"USA, Remote",25-Apr,2
Operations / PM,New Jersey,USA,25-Jan,2
Operations / PM,Ohio,"USA, Remote",25-Apr,2
Operations / PM,Oregon,USA,25-Jan,2
Operations / PM,Pennsylvania,USA,25-Jan,2
Operations / PM,Oregon,USA,25-Mar,2
Operations / PM,Missouri,USA,25-Mar,2
Creative / UX / Design,Georgia,USA,25-Apr,2
Operations / PM,Missouri,USA,24-Sep,2
Operations / PM,Pennsylvania,USA,24-Nov,2
Creative / UX / Design,Florida,USA,25-Feb,2
Creative / UX / Design,Maryland,USA,25-Mar,2
Creative / UX / Design,Massachusetts,USA,24-Dec,2
Operations / PM,Michigan,USA,24-Nov,2
Operations / PM,Massachusetts,USA,24-Dec,2
Operations / PM,California,"USA, Canada",25-Mar,2
Operations / PM,North Carolina,"USA, Canada",25-Mar,2
Operations / PM,Virginia,"USA, Remote",25-Mar,2
Operations / PM,Arizona,"USA, Canada",25-Mar,2
Creative / UX / Design,New Jersey,USA,25-Mar,2
Operations / PM,Washington,"USA, Remote",25-Feb,2
Operations / PM,Washington,"USA, Remote",25-Mar,2
Operations / PM,Arizona,USA,24-Oct,2
Operations / PM,Arizona,"USA, Remote",25-Feb,2
Creative / UX / Design,California,USA,24-Nov,2
Other / General,Alabama,USA,24-Dec,2
Creative / UX / Design,California,USA,22-Oct,2
Sales / Biz Dev,New York,USA,24-Dec,1
Software / IT / Engineering,California,USA,24-Feb,1
Sales / Biz Dev,New Jersey,USA,24-Dec,1
Data & Analytics,Washington,USA,23-Jun,1
Software / IT / Engineering,California,USA,24-Apr,1
Software / IT / Engineering,Virginia,USA,24-Dec,1
Software / IT / Engineering,California,USA,23-Jun,1
Software / IT / Engineering,California,USA,23-Dec,1
Finance / Accounting,Missouri,USA,25-Jan,1
Data & Analytics,Washington,USA,24-Nov,1
Software / IT / Engineering,California,USA,21-Aug,1
Data & Analytics,Washington,"USA, Hybrid/Remote",24-Nov,1
Creative / UX / Design,California,USA,15-Aug,1
Software / IT / Engineering,Arizona,"USA, Remote",25-Apr,1
Software / IT / Engineering,Arizona,USA,22-Jan,1
Data & Analytics,Wisconsin,"USA, Remote",25-Apr,1
Sales / Biz Dev,New York,USA,21-Oct,1
Creative / UX / Design,Florida,"USA, Remote",25-Mar,1
Data & Analytics,Washington,"USA, Washington Remote",25-Mar,1
Creative / UX / Design,Arizona,"USA, Remote",25-Feb,1
Creative / UX / Design,Florida,"USA, Remote",25-Feb,1
Data & Analytics,Wisconsin,USA,24-Oct,1
Sales / Biz Dev,New Jersey,USA,25-Feb,1
Creative / UX / Design,Arizona,"USA, Remote",25-Mar,1
Data & Analytics,Wisconsin,"USA, Remote",24-Oct,1
Software / IT / Engineering,Arizona,USA,24-Oct,1
Software / IT / Engineering,Arizona,USA,24-Nov,1
Software / IT / Engineering,Arizona,USA,21-Nov,1
Creative / UX / Design,Florida,USA,24-Sep,1
Sales / Biz Dev,New Jersey,"USA, Remote",25-Mar,1
Software / IT / Engineering,Virginia,USA,24-Sep,1
Software / IT / Engineering,Virginia,USA,24-Aug,1
Data & Analytics,Virginia,"USA, Remote",24-Oct,1
Creative / UX / Design,Florida,USA,24-Oct,1
Software / IT / Engineering,Colorado,USA,23-Mar,1
Software / IT / Engineering,Texas,"USA, Remote",24-Nov,1
Software / IT / Engineering,Colorado,USA,24-Nov,1
Finance / Accounting,New Jersey,USA,25-Apr,1
Sales / Biz Dev,Missouri,USA,24-Sep,1
Software / IT / Engineering,Texas,"USA, Remote",24-Dec,1
Data & Analytics,Pennsylvania,USA,24-Oct,1
Finance / Accounting,New Jersey,USA,25-Jan,1
Software / IT / Engineering,Texas,"USA, Remote",21-Feb,1
Data & Analytics,Pennsylvania,USA,24-Mar,1
Software / IT / Engineering,Colorado,"USA, Remote",24-Dec,1
Sales / Biz Dev,Minnesota,USA,25-Jan,1
Data & Analytics,Oregon,"USA, Remote",25-Feb,1
Sales / Biz Dev,Minnesota,USA,25-Apr,1
Software / IT / Engineering,Colorado,"USA, Remote",25-Jan,1
Software / IT / Engineering,Colorado,USA,22-Jan,1
Software / IT / Engineering,Colorado,USA,21-Aug,1
Data & Analytics,South Carolina,"USA, Remote",25-Apr,1
Finance / Accounting,New Jersey,USA,24-Dec,1
Data & Analytics,Virginia,"USA, Remote",24-Nov,1
Data & Analytics,Virginia,USA,24-Nov,1
Sales / Biz Dev,Missouri,"USA, Remote",25-Mar,1
Data & Analytics,Texas,"USA, Remote",25-Apr,1
Creative / UX / Design,Georgia,USA,25-Feb,1
Sales / Biz Dev,Missouri,"USA, Remote",25-Apr,1
Creative / UX / Design,Georgia,USA,25-Jan,1
Software / IT / Engineering,Texas,"USA, Remote",25-Apr,1
Software / IT / Engineering,California,"USA, Canada",25-Feb,1
Software / IT / Engineering,California,"USA, Canada",25-Mar,1
Data & Analytics,Tennessee,"USA, Remote",25-Apr,1
Finance / Accounting,New Jersey,USA,24-Oct,1
Creative / UX / Design,Georgia,"USA, Remote",25-Feb,1
Data & Analytics,Tennessee,USA,24-Dec,1
Software / IT / Engineering,Alabama,"USA, Remote",25-Apr,1
Finance / Accounting,Alabama,USA,25-Mar,1
Software / IT / Engineering,Virginia,"USA, Remote",23-Aug,1
Finance / Accounting,Georgia,"USA, Remote",25-Apr,1
Software / IT / Engineering,Washington,"USA, Remote",25-Apr,1
Sales / Biz Dev,Tennessee,USA,25-Apr,1
Creative / UX / Design,California,"USA, Remote",24-Oct,1
Sales / Biz Dev,Tennessee,"USA, Utah - Remote Office",25-Mar,1
Creative / UX / Design,Colorado,USA,24-Sep,1
Sales / Biz Dev,Texas,USA,24-Nov,1
Finance / Accounting,Maryland,USA,25-Mar,1
Finance / Accounting,Florida,"USA, Remote",25-Feb,1
Creative / UX / Design,Colorado,USA,25-Apr,1
Finance / Accounting,Florida,USA,25-Apr,1
Creative / UX / Design,California,USA,24-Sep,1
Finance / Accounting,Massachusetts,USA,24-Dec,1
Finance / Accounting,Massachusetts,USA,24-Nov,1
Sales / Biz Dev,Texas,"USA, Remote",24-Dec,1
Sales / Biz Dev,North Carolina,USA,24-Oct,1
Sales / Biz Dev,Tennessee,USA,24-Oct,1
Sales / Biz Dev,Ohio,USA,24-Sep,1
Software / IT / Engineering,Virginia,"USA, Remote",24-Nov,1
Finance / Accounting,Illinois,USA,24-Jul,1
Sales / Biz Dev,Oregon,USA,25-Jan,1
Finance / Accounting,Indiana,USA,25-Jan,1
Sales / Biz Dev,Pennsylvania,USA,24-Oct,1
Finance / Accounting,Indiana,USA,25-Feb,1
Finance / Accounting,Indiana,USA,24-Dec,1
Creative / UX / Design,California,"USA, Remote",25-Mar,1
Software / IT / Engineering,Washington,"USA, Remote",24-Oct,1
Creative / UX / Design,Colorado,USA,24-Dec,1
Sales / Biz Dev,Pennsylvania,"USA, Remote",25-Feb,1
Finance / Accounting,Maryland,USA,24-Dec,1
Sales / Biz Dev,Ohio,USA,25-Jan,1
Finance / Accounting,Maryland,USA,24-Nov,1
Finance / Accounting,Illinois,USA,24-Nov,1
Creative / UX / Design,Colorado,USA,24-Nov,1
Finance / Accounting,Maryland,USA,25-Apr,1
Sales / Biz Dev,Texas,"USA, Remote",25-Mar,1
Sales / Biz Dev,Virginia,USA,24-Nov,1
Sales / Biz Dev,North Carolina,USA,24-Nov,1
Sales / Biz Dev,North Carolina,USA,24-Dec,1
Software / IT / Engineering,Virginia,"USA, Remote",25-Jan,1
Sales / Biz Dev,Wisconsin,USA,24-Oct,1
Creative / UX / Design,Connecticut,USA,25-Mar,1
Sales / Biz Dev,Wisconsin,USA,25-Apr,1
Finance / Accounting,California,USA,24-Jul,1
Sales / Biz Dev,Wisconsin,USA,25-Jan,1
Software / IT / Engineering,Alabama,USA,23-Mar,1
Finance / Accounting,California,USA,23-Aug,1
Finance / Accounting,Minnesota,USA,24-Nov,1
Software / IT / Engineering,Alabama,USA,24-Nov,1
Software / IT / Engineering,Wisconsin,USA,24-Oct,1
Software / IT / Engineering,Alabama,USA,24-Oct,1
Finance / Accounting,Arizona,"USA, Remote",25-Apr,1
Finance / Accounting,Arizona,USA,25-Apr,1
Creative / UX / Design,California,"USA, Remote",25-Feb,1
Finance / Accounting,California,USA,24-Nov,1
Creative / UX / Design,Connecticut,USA,25-Feb,1
Sales / Biz Dev,Washington,"USA, Remote",25-Jan,1
Sales / Biz Dev,New York,"USA, Remote",25-Feb,1
Creative / UX / Design,Colorado,USA,25-Feb,1
Sales / Biz Dev,New York,"USA, Remote",25-Mar,1
Finance / Accounting,Connecticut,USA,25-Apr,1
Finance / Accounting,Connecticut,USA,24-Dec,1
Creative / UX / Design,Colorado,USA,25-Mar,1
Software / IT / Engineering,Washington,USA,23-Mar,1
Sales / Biz Dev,New York,"USA, Remote",25-Apr,1
Software / IT / Engineering,Washington,USA,21-Nov,1
Creative / UX / Design,California,USA,24-May,1
Software / IT / Engineering,Washington,USA,23-Jun,1
Creative / UX / Design,California,USA,24-Aug,1
Finance / Accounting,Colorado,USA,24-Nov,1
Finance / Accounting,Colorado,USA,24-Dec,1
Sales / Biz Dev,Washington,USA,25-Jan,1
Creative / UX / Design,North Carolina,USA,24-Nov,1
Creative / UX / Design,Indiana,"USA, Remote",25-Apr,1
Data & Analytics,Oregon,"USA, Remote",25-Apr,1
Software / IT / Engineering,New Jersey,"USA, Remote",25-Jan,1
Creative / UX / Design,Missouri,USA,25-Feb,1
Software / IT / Engineering,New Jersey,USA,23-Mar,1
Software / IT / Engineering,New Jersey,USA,24-Dec,1
Software / IT / Engineering,New Jersey,USA,24-Feb,1
Creative / UX / Design,Virginia,"USA, Remote",25-Mar,1
Creative / UX / Design,Virginia,"USA, Remote",25-Feb,1
Creative / UX / Design,Virginia,"USA, Remote",24-Oct,1
Software / IT / Engineering,New Jersey,"USA, Remote",25-Apr,1
Creative / UX / Design,Virginia,USA,24-Sep,1
Software / IT / Engineering,Oregon,"USA, Remote",25-Apr,1
Software / IT / Engineering,New York,New York,23-Aug,1
Software / IT / Engineering,New York,New York,24-Jul,1
Software / IT / Engineering,Pennsylvania,USA,20-Mar,1
Software / IT / Engineering,New York,"Remote, New York - Remote",25-Apr,1
Software / IT / Engineering,New York,USA,19-Oct,1
Software / IT / Engineering,Oregon,"USA, Remote",25-Jan,1
Software / IT / Engineering,Oregon,"USA, Remote",25-Feb,1
Software / IT / Engineering,New York,USA,22-Jan,1
Software / IT / Engineering,Missouri,"USA, Remote",25-Feb,1
Creative / UX / Design,Wisconsin,USA,24-Nov,1
Creative / UX / Design,Wisconsin,USA,25-Feb,1
Creative / UX / Design,Wisconsin,"USA, Remote",25-Mar,1
Creative / UX / Design,Minnesota,USA,25-Apr,1
Software / IT / Engineering,Michigan,"USA, Remote",24-Dec,1
Data & Analytics,California,"USA, Remote",24-Oct,1
Data & Analytics,California,"USA, Canada",24-Oct,1
Data & Analytics,California,USA,24-Apr,1
Creative / UX / Design,Minnesota,USA,25-Feb,1
Software / IT / Engineering,Minnesota,USA,24-Sep,1
Creative / UX / Design,Minnesota,USA,25-Mar,1
Creative / UX / Design,Missouri,USA,24-Dec,1
Data & Analytics,Arizona,"USA, Remote",25-Apr,1
Data & Analytics,Arizona,USA,25-Jan,1
Software / IT / Engineering,Minnesota,"USA, Remote",25-Apr,1
Software / IT / Engineering,Missouri,"Remote - Missouri, Remote",25-Mar,1
Creative / UX / Design,Missouri,USA,25-Apr,1
Data & Analytics,Alabama,"USA, Remote",25-Apr,1
Software / IT / Engineering,Missouri,USA,24-Nov,1
Data & Analytics,Alabama,"USA, Remote",24-Oct,1
Software / IT / Engineering,New York,USA,23-Aug,1
Software / IT / Engineering,New York,USA,23-Mar,1
Data & Analytics,Colorado,"USA, Remote",25-Apr,1
Software / IT / Engineering,Oregon,USA,24-Dec,1
Creative / UX / Design,South Carolina,"USA, Remote",25-Feb,1
Creative / UX / Design,Pennsylvania,USA,25-Jan,1
Creative / UX / Design,Pennsylvania,USA,24-Oct,1
Creative / UX / Design,Oregon,USA,25-Apr,1
Creative / UX / Design,Oregon,USA,24-Sep,1
Creative / UX / Design,Ohio,"USA, Remote",25-Feb,1
Creative / UX / Design,Ohio,USA,25-Mar,1
Software / IT / Engineering,North Carolina,"USA, Remote",25-Jan,1
Creative / UX / Design,Ohio,USA,25-Jan,1
Software / IT / Engineering,New York,USA,24-Apr,1
Software / IT / Engineering,Oregon,USA,21-Aug,1
Creative / UX / Design,Ohio,USA,24-Sep,1
Creative / UX / Design,Ohio,USA,24-Dec,1
Creative / UX / Design,North Carolina,"USA, Remote",25-Feb,1
Creative / UX / Design,North Carolina,USA,25-Mar,1
Creative / UX / Design,New York,"USA, Remote",25-Apr,1
Software / IT / Engineering,Ohio,"USA, Remote",25-Apr,1
Creative / UX / Design,North Carolina,USA,24-Sep,1
Creative / UX / Design,South Carolina,"USA, Remote",25-Mar,1
Software / IT / Engineering,North Carolina,USA,23-Mar,1
Software / IT / Engineering,Oregon,USA,24-Oct,1
Software / IT / Engineering,New York,"USA, Remote",25-Jan,1
Creative / UX / Design,New Jersey,USA,25-Apr,1
Software / IT / Engineering,New York,USA,24-Aug,1
Creative / UX / Design,Virginia,USA,24-Oct,1
Creative / UX / Design,Texas,"USA, Remote",25-Feb,1
Creative / UX / Design,Texas,USA,25-Jan,1
Software / IT / Engineering,New York,USA,24-Sep,1
Creative / UX / Design,New Jersey,"USA, Remote",25-Feb,1
Creative / UX / Design,Texas,USA,25-Apr,1
Creative / UX / Design,Texas,USA,24-Sep,1
Creative / UX / Design,New York,USA,19-Oct,1
Creative / UX / Design,Texas,USA,24-Oct,1
Creative / UX / Design,Texas,USA,24-Dec,1
Software / IT / Engineering,New York,"USA, Canada",24-Aug,1
Creative / UX / Design,Tennessee,"USA, Remote",25-Feb,1
Software / IT / Engineering,New York,"USA, Remote",24-Jul,1
Creative / UX / Design,Tennessee,USA,25-Mar,1
Creative / UX / Design,Tennessee,USA,25-Apr,1
Creative / UX / Design,Minnesota,USA,24-Dec,1
Data & Analytics,Colorado,"USA, Remote",25-Jan,1
Software / IT / Engineering,Connecticut,USA,24-Dec,1
Software / IT / Engineering,Illinois,USA,24-Aug,1
Data & Analytics,Missouri,"USA, Remote",25-Apr,1
Data & Analytics,Missouri,"USA, Remote",24-Nov,1
Data & Analytics,Missouri,USA,24-Nov,1
Data & Analytics,Minnesota,"USA, Remote",25-Apr,1
Creative / UX / Design,Kentucky,USA,24-Nov,1
Data & Analytics,Minnesota,"USA, Remote",24-Nov,1
Software / IT / Engineering,Texas,USA,23-Mar,1
Software / IT / Engineering,Georgia,"USA, Remote",25-Mar,1
Data & Analytics,Minnesota,USA,25-Jan,1
Creative / UX / Design,Kentucky,USA,25-Mar,1
Software / IT / Engineering,Illinois,USA,24-Jul,1
Software / IT / Engineering,Texas,USA,22-Jan,1
Data & Analytics,Minnesota,USA,24-Nov,1
Software / IT / Engineering,Texas,USA,21-Aug,1
Data & Analytics,Michigan,"USA, Remote",25-Feb,1
Data & Analytics,Michigan,"USA, Remote",25-Apr,1
Data & Analytics,Michigan,USA,24-Sep,1
Software / IT / Engineering,Tennessee,"USA, Remote",25-Apr,1
Data & Analytics,New Jersey,USA,24-Oct,1
Data & Analytics,New Jersey,"USA, Remote",24-Dec,1
Software / IT / Engineering,Georgia,USA,23-Mar,1
Software / IT / Engineering,Georgia,USA,22-Jan,1
Data & Analytics,Oregon,USA,25-Jan,1
Data & Analytics,Ohio,"USA, Remote",25-Apr,1
Data & Analytics,Ohio,USA,24-Oct,1
Creative / UX / Design,Illinois,USA,25-Apr,1
Software / IT / Engineering,Connecticut,"USA, Remote",24-Oct,1
Software / IT / Engineering,Connecticut,"USA, Remote",25-Mar,1
Software / IT / Engineering,Florida,USA,23-Mar,1
Creative / UX / Design,Illinois,"USA, Remote",25-Feb,1
Creative / UX / Design,Illinois,"USA, Remote",25-Mar,1
Data & Analytics,North Carolina,USA,24-Oct,1
Creative / UX / Design,North Carolina,USA,24-Oct,1
Creative / UX / Design,Indiana,"USA, Remote",25-Mar,1
Data & Analytics,New York,"USA, UK",25-Mar,1
Data & Analytics,New York,"USA, Remote",25-Jan,1
Data & Analytics,New York,"USA, Remote",24-Dec,1
Data & Analytics,New York,USA,24-Sep,1
Data & Analytics,New York,"Remote, USA - Remote",25-Feb,1
Data & Analytics,Michigan,USA,24-Nov,1
Data & Analytics,Massachusetts,"USA, Remote",25-Feb,1
Creative / UX / Design,Michigan,"USA, Remote",25-Feb,1
Data & Analytics,Georgia,USA,24-Oct,1
Software / IT / Engineering,Massachusetts,USA,23-Mar,1
Software / IT / Engineering,South Carolina,USA,25-Jan,1
Data & Analytics,Illinois,USA,24-Nov,1
Software / IT / Engineering,Massachusetts,USA,24-Mar,1
Creative / UX / Design,Massachusetts,USA,25-Jan,1
Creative / UX / Design,Massachusetts,"USA, Canada",25-Feb,1
Data & Analytics,Georgia,"USA, Remote",25-Apr,1
Creative / UX / Design,Massachusetts,"USA, Remote",24-Oct,1
Sales / Biz Dev,Minnesota,USA,24-Dec,1
Software / IT / Engineering,Tennessee,USA,25-Jan,1
Creative / UX / Design,Massachusetts,"USA, Remote",25-Mar,1
Data & Analytics,Florida,USA,24-Dec,1
Creative / UX / Design,Michigan,USA,25-Jan,1
Creative / UX / Design,Michigan,USA,25-Mar,1
Data & Analytics,Connecticut,"USA, Remote",25-Apr,1
Software / IT / Engineering,Massachusetts,"USA, Remote",25-Jan,1
Software / IT / Engineering,Massachusetts,"USA, Remote",25-Mar,1
Software / IT / Engineering,Massachusetts,"USA, null",24-Oct,1
Software / IT / Engineering,Tennessee,USA,22-Apr,1
Software / IT / Engineering,Tennessee,USA,23-Mar,1
Software / IT / Engineering,Tennessee,USA,24-Dec,1
Creative / UX / Design,Massachusetts,USA,24-Nov,1
Software / IT / Engineering,Indiana,USA,24-Aug,1
Data & Analytics,Massachusetts,USA,24-Sep,1
Software / IT / Engineering,Indiana,USA,24-Nov,1
Data & Analytics,Massachusetts,USA,24-Nov,1
Data & Analytics,Massachusetts,USA,23-Sep,1
Software / IT / Engineering,Indiana,USA,25-Jan,1
Data & Analytics,Maryland,"USA, Remote",25-Apr,1
Software / IT / Engineering,Indiana,"USA, Remote",25-Apr,1
Software / IT / Engineering,Kentucky,USA,24-Aug,1
Creative / UX / Design,Maryland,USA,25-Apr,1
Software / IT / Engineering,Kentucky,USA,24-Nov,1
Software / IT / Engineering,Kentucky,USA,24-Oct,1
Data & Analytics,Kentucky,"USA, Remote",25-Apr,1
Data & Analytics,Indiana,USA,24-Oct,1
Data & Analytics,Illinois,"USA, Remote",25-Mar,1
Software / IT / Engineering,Maryland,USA,24-Nov,1
Data & Analytics,Illinois,"USA, Remote",25-Jan,1
Other / General,Alabama,"USA, Remote",25-Mar,1
Human Resources,California,USA,22-Apr,1
Finance / Accounting,New York,USA,24-Sep,1
Marketing / PR,New York,"USA, Remote, Canada",25-Mar,1
Marketing / PR,Oregon,USA,25-Apr,1
Marketing / PR,Ohio,"USA, Remote",25-Mar,1
Marketing / PR,Ohio,"USA, Remote",25-Apr,1
Marketing / PR,Ohio,USA,25-Jan,1
Other / General,New Jersey,"USA, Remote",25-Jan,1
Marketing / PR,Ohio,USA,24-Dec,1
Other / General,New York,USA,21-Oct,1
Other / General,New York,USA,23-Mar,1
Other / General,New York,USA,24-Jul,1
Marketing / PR,North Carolina,USA,24-Oct,1
Marketing / PR,New York,USA,24-Sep,1
Marketing / PR,Massachusetts,"USA, Remote",25-Feb,1
Marketing / PR,Missouri,"USA, Remote",25-Apr,1
Other / General,New York,"USA, Remote",23-Jun,1
Other / General,New York,"USA, Remote",24-Nov,1
Marketing / PR,Missouri,USA,25-Feb,1
Marketing / PR,Missouri,USA,25-Apr,1
Marketing / PR,Missouri,USA,24-Sep,1
Marketing / PR,Minnesota,"USA, Remote",25-Apr,1
Marketing / PR,Michigan,"USA, Remote",25-Feb,1
Marketing / PR,Michigan,"USA, Remote",25-Apr,1
Marketing / PR,Michigan,USA,25-Jan,1
Marketing / PR,Oregon,"USA, Remote",25-Apr,1
Other / General,New Jersey,USA,24-Nov,1
Marketing / PR,Oregon,"USA, Remote",25-Mar,1
Other / General,Missouri,"USA, Remote",25-Mar,1
Marketing / PR,Wisconsin,USA,25-Apr,1
Marketing / PR,Washington,"United States, Remote",24-Nov,1
Other / General,Michigan,"USA, Remote",25-Feb,1
Marketing / PR,Washington,"USA, Remote",25-Feb,1
Marketing / PR,Washington,USA,24-Sep,1
Marketing / PR,Virginia,"USA, Remote",25-Apr,1
Marketing / PR,Virginia,"USA, Remote",24-Oct,1
Marketing / PR,Texas,"USA, Remote, Canada",25-Mar,1
Marketing / PR,Texas,"USA, Remote",25-Mar,1
Marketing / PR,Texas,USA,25-Jan,1
Marketing / PR,Texas,USA,24-Nov,1
Other / General,Minnesota,"USA, Remote",25-Jan,1
Other / General,Minnesota,"USA, Remote",25-Mar,1
Other / General,Missouri,USA,24-Aug,1
Marketing / PR,Tennessee,"USA, Remote",25-Apr,1
Other / General,Missouri,USA,24-Oct,1
Marketing / PR,Tennessee,USA,24-Nov,1
Marketing / PR,South Carolina,"USA, Remote",25-Apr,1
Marketing / PR,South Carolina,USA,25-Feb,1
Marketing / PR,South Carolina,USA,24-Oct,1
Marketing / PR,Pennsylvania,USA,24-Dec,1
Marketing / PR,Michigan,USA,25-Apr,1
Marketing / PR,Massachusetts,"USA, Remote",24-Oct,1
Marketing / PR,Wisconsin,"USA, Remote",25-Apr,1
Manufacturing / Supply Chain,Wisconsin,USA,25-Feb,1
Marketing / PR,California,"USA, Remote, Canada",25-Mar,1
Marketing / PR,California,USA,24-Sep,1
Other / General,Pennsylvania,"USA, Remote",25-Jan,1
Marketing / PR,California,USA,24-Jun,1
Marketing / PR,California,USA,24-Jul,1
Marketing / PR,California,USA,23-Oct,1
Marketing / PR,Arizona,"USA, Remote",25-Apr,1
Other / General,South Carolina,USA,25-Jan,1
Marketing / PR,Alabama,"USA, Remote",25-Apr,1
Marketing / PR,Alabama,USA,25-Jan,1
Other / General,South Carolina,"USA, Remote - South Carolina",25-Mar,1
Other / General,North Carolina,"USA, Remote",24-Dec,1
Other / General,Tennessee,USA,24-Dec,1
Manufacturing / Supply Chain,Wisconsin,USA,25-Apr,1
Manufacturing / Supply Chain,Wisconsin,USA,24-Dec,1
Manufacturing / Supply Chain,Virginia,USA,24-Dec,1
Manufacturing / Supply Chain,Texas,USA,25-Mar,1
Manufacturing / Supply Chain,Texas,USA,24-Sep,1
Other / General,Tennessee,"USA, Remote",24-Nov,1
Manufacturing / Supply Chain,Texas,USA,24-Oct,1
Manufacturing / Supply Chain,Tennessee,USA,25-Feb,1
Manufacturing / Supply Chain,Tennessee,USA,24-Nov,1
Marketing / PR,Connecticut,USA,25-Apr,1
Marketing / PR,Connecticut,USA,25-Jan,1
Other / General,Pennsylvania,USA,24-Sep,1
Other / General,Pennsylvania,USA,24-Nov,1
Marketing / PR,Massachusetts,"USA, Canada",25-Feb,1
Other / General,North Carolina,"USA, Remote",25-Jan,1
Marketing / PR,Maryland,"USA, Remote",25-Apr,1
Marketing / PR,Maryland,USA,24-Nov,1
Marketing / PR,Kentucky,"USA, Remote",25-Apr,1
Marketing / PR,Kentucky,USA,25-Mar,1
Marketing / PR,Kentucky,USA,24-Dec,1
Marketing / PR,Indiana,"USA, Remote",25-Apr,1
Marketing / PR,Indiana,USA,24-Dec,1
Marketing / PR,Illinois,"USA, Remote",25-Jan,1
Other / General,Ohio,"USA, Remote",25-Jan,1
Other / General,Ohio,"USA, Remote",25-Mar,1
Other / General,Oregon,USA,21-Aug,1
Other / General,Oregon,USA,24-Apr,1
Marketing / PR,Illinois,"USA, Remote",25-Feb,1
Marketing / PR,Illinois,USA,24-Oct,1
Marketing / PR,Georgia,USA,24-Oct,1
Marketing / PR,Florida,"USA, Remote",25-Apr,1
Other / General,Pennsylvania,USA,24-Apr,1
Marketing / PR,Florida,USA,24-Oct,1
Marketing / PR,Florida,USA,24-Dec,1
Marketing / PR,Wisconsin,USA,25-Feb,1
Marketing / PR,Wisconsin,"USA, Remote",25-Feb,1
Other / General,Texas,USA,23-Nov,1
Other / General,Connecticut,USA,24-Oct,1
Operations / PM,South Carolina,USA,24-Nov,1
Operations / PM,Pennsylvania,"USA, Remote",25-Mar,1
Operations / PM,Pennsylvania,"USA, Remote",25-Feb,1
Operations / PM,Pennsylvania,"USA, Remote",25-Apr,1
Other / General,Colorado,"USA, Remote",24-Dec,1
Operations / PM,Pennsylvania,USA,24-Sep,1
Other / General,Colorado,"USA, Remote",25-Jan,1
Other / General,Connecticut,USA,23-Feb,1
Operations / PM,Pennsylvania,USA,24-Jul,1
Other / General,Connecticut,USA,24-Nov,1
Other / General,Connecticut,USA,24-Sep,1
Other / General,Florida,"USA, Remote",25-Jan,1
Operations / PM,Oregon,USA,25-Apr,1
Other / General,Connecticut,"USA, Remote",24-Oct,1
Operations / PM,Ohio,USA,25-Jan,1
Other / General,District Of Columbia,"USA, Remote",25-Apr,1
Other / General,District Of Columbia,"USA, Remote",25-Mar,1
Other / General,Florida,USA,24-Aug,1
Operations / PM,Ohio,USA,24-Dec,1
Operations / PM,North Carolina,"USA, USA Remote",25-Mar,1
Operations / PM,New York,"USA, Remote",25-Jan,1
Operations / PM,New York,"USA, Remote",24-Nov,1
Other / General,Colorado,USA,24-Oct,1
Other / General,Colorado,USA,24-Nov,1
Operations / PM,South Carolina,USA,24-Oct,1
Other / General,Colorado,USA,24-Apr,1
Other / General,Arizona,"USA, Remote",25-Jan,1
Other / General,California,USA,18-May,1
Other / General,California,USA,19-Apr,1
Other / General,California,USA,21-Aug,1
Other / General,California,USA,21-Feb,1
Other / General,California,USA,23-Dec,1
Other / General,California,USA,23-Mar,1
Other / General,California,USA,23-May,1
Operations / PM,Washington,USA,24-Oct,1
Other / General,California,USA,23-Sep,1
Other / General,California,USA,24-Apr,1
Operations / PM,Washington,USA,24-Dec,1
Operations / PM,Virginia,USA,25-Jan,1
Other / General,California,USA,24-Mar,1
Operations / PM,Virginia,USA,24-Oct,1
Operations / PM,Virginia,USA,24-Dec,1
Operations / PM,Texas,USA,24-Oct,1
Other / General,California,"USA, Canada, Remote",24-Oct,1
Operations / PM,Tennessee,USA,24-Nov,1
Other / General,California,"USA, Remote - South Carolina",25-Mar,1
Other / General,Colorado,USA,21-Aug,1
Creative / UX / Design,Arizona,USA,25-Mar,1
Operations / PM,New York,USA,24-Jul,1
Other / General,Michigan,USA,24-Sep,1
Operations / PM,California,USA,22-Apr,1
Operations / PM,Georgia,USA,24-Oct,1
Operations / PM,Georgia,USA,24-Nov,1
Operations / PM,Florida,USA,24-Sep,1
Other / General,Maryland,USA,22-Mar,1
Operations / PM,District Of Columbia,USA,25-Mar,1
Operations / PM,Connecticut,"USA, Remote",25-Feb,1
Operations / PM,Colorado,"USA, Remote",25-Apr,1
Operations / PM,California,USA,24-Sep,1
Operations / PM,California,USA,24-Jun,1
Operations / PM,California,USA,24-Aug,1
Operations / PM,California,USA,18-Aug,1
Other / General,Georgia,USA,24-Nov,1
Operations / PM,Arizona,"USA, Remote",25-Apr,1
Other / General,Massachusetts,"USA, Canada",25-Feb,1
Other / General,Massachusetts,"USA, Hybrid",21-Dec,1
Operations / PM,Arizona,USA,25-Jan,1
Operations / PM,Arizona,USA,24-Nov,1
Other / General,Massachusetts,"United States, Remote",24-Nov,1
Operations / PM,Arizona,USA,24-Dec,1
Operations / PM,Alabama,USA,25-Feb,1
Other / General,Michigan,USA,24-Nov,1
Other / General,Michigan,USA,24-Oct,1
Operations / PM,Illinois,USA,24-Sep,1
Operations / PM,Illinois,"USA, Remote",25-Jan,1
Operations / PM,Illinois,"USA, Remote",25-Mar,1
Operations / PM,Indiana,USA,24-Nov,1
Operations / PM,New Jersey,"USA, Remote",25-Mar,1
Operations / PM,New Jersey,USA,24-Oct,1
Operations / PM,New Jersey,USA,24-Nov,1
Operations / PM,New Jersey,USA,24-Dec,1
Operations / PM,Missouri,"USA, Remote",25-Apr,1
Operations / PM,Missouri,USA,25-Jan,1
Operations / PM,Missouri,USA,25-Apr,1
Operations / PM,Missouri,USA,24-Dec,1
Other / General,Illinois,USA,24-Jul,1
Operations / PM,Minnesota,"USA, Remote",24-Dec,1
Operations / PM,Minnesota,USA,25-Feb,1
Operations / PM,Maryland,USA,25-Jan,1
Operations / PM,Maryland,USA,25-Feb,1
Operations / PM,Maryland,USA,24-Dec,1
Operations / PM,Kentucky,USA,25-Feb,1
Operations / PM,Kentucky,USA,24-Oct,1
Other / General,Illinois,"USA, Remote",25-Jan,1
Operations / PM,Kentucky,USA,24-Nov,1
Operations / PM,Kentucky,USA,24-Dec,1
Other / General,Indiana,USA,24-Oct,1
Operations / PM,Indiana,USA,25-Feb,1
Other / General,Texas,USA,21-Aug,1
Manufacturing / Supply Chain,South Carolina,USA,25-Mar,1
Sales / Biz Dev,Michigan,USA,25-Apr,1
Sales / Biz Dev,Alabama,USA,25-Mar,1
Human Resources,Maryland,USA,25-Mar,1
Human Resources,Kentucky,USA,24-Dec,1
Human Resources,Indiana,USA,25-Apr,1
Human Resources,Georgia,"USA, Remote",25-Feb,1
Human Resources,Georgia,USA,25-Apr,1
Pharmacy / Healthcare,Washington,USA,24-Sep,1
Human Resources,Florida,"USA, Remote",25-Feb,1
Pharmacy / Healthcare,Wisconsin,USA,25-Apr,1
Human Resources,Florida,USA,24-Nov,1
Sales / Biz Dev,Alabama,USA,25-Apr,1
Sales / Biz Dev,Arizona,USA,23-Oct,1
Human Resources,California,"USA, Remote",25-Feb,1
Sales / Biz Dev,Arizona,USA,24-Dec,1
Sales / Biz Dev,Arizona,USA,24-Sep,1
Sales / Biz Dev,Arizona,USA,25-Apr,1
Sales / Biz Dev,Arizona,USA,25-Feb,1
Human Resources,Connecticut,"USA, Remote",25-Mar,1
Human Resources,Connecticut,USA,25-Feb,1
Human Resources,Connecticut,USA,25-Apr,1
Human Resources,Colorado,USA,25-Mar,1
Human Resources,Colorado,USA,25-Apr,1
Sales / Biz Dev,California,USA,24-Sep,1
Human Resources,Maryland,"USA, Remote",25-Mar,1
Human Resources,Massachusetts,USA,24-Sep,1
Human Resources,Michigan,USA,25-Apr,1
Human Resources,Minnesota,USA,25-Apr,1
Human Resources,Ohio,"USA, Remote",25-Feb,1
Human Resources,Ohio,USA,25-Mar,1
Pharmacy / Healthcare,North Carolina,USA,24-Nov,1
Human Resources,North Carolina,"USA, Remote",25-Feb,1
Human Resources,North Carolina,"USA, Remote",24-Aug,1
Pharmacy / Healthcare,Ohio,USA,24-Nov,1
Pharmacy / Healthcare,Ohio,USA,24-Oct,1
Human Resources,North Carolina,USA,24-Dec,1
Pharmacy / Healthcare,Ohio,USA,25-Jan,1
Human Resources,New York,"USA, Remote",24-Nov,1
Pharmacy / Healthcare,Oregon,USA,25-Mar,1
Pharmacy / Healthcare,Pennsylvania,USA,24-Oct,1
Human Resources,New Jersey,"USA, Remote",25-Feb,1
Human Resources,New Jersey,USA,25-Mar,1
Pharmacy / Healthcare,Pennsylvania,USA,25-Jan,1
Human Resources,New Jersey,USA,25-Feb,1
Pharmacy / Healthcare,South Carolina,USA,24-Nov,1
Pharmacy / Healthcare,South Carolina,USA,25-Feb,1
Pharmacy / Healthcare,South Carolina,USA,25-Jan,1
Human Resources,Missouri,USA,25-Feb,1
Pharmacy / Healthcare,Tennessee,USA,24-Nov,1
Human Resources,California,"USA, Remote",25-Mar,1
Sales / Biz Dev,California,USA,25-Jan,1
Pharmacy / Healthcare,New Jersey,USA,24-Oct,1
Sales / Biz Dev,Maryland,USA,24-Nov,1
Sales / Biz Dev,Illinois,"USA, Remote",25-Feb,1
Sales / Biz Dev,Indiana,USA,24-Sep,1
Finance / Accounting,Tennessee,USA,24-Dec,1
Finance / Accounting,South Carolina,USA,25-Mar,1
Finance / Accounting,South Carolina,USA,24-Oct,1
Sales / Biz Dev,Kentucky,USA,24-Sep,1
Sales / Biz Dev,Kentucky,USA,25-Apr,1
Finance / Accounting,Pennsylvania,"USA, Remote",25-Apr,1
Finance / Accounting,Pennsylvania,USA,24-Oct,1
Finance / Accounting,Pennsylvania,USA,24-Dec,1
Finance / Accounting,Oregon,USA,25-Apr,1
Other / General,Alabama,USA,25-Jan,1
Sales / Biz Dev,Maryland,"USA, Remote",25-Mar,1
Finance / Accounting,Ohio,USA,24-Sep,1
Finance / Accounting,Ohio,USA,24-Nov,1
Finance / Accounting,North Carolina,USA,25-Jan,1
Finance / Accounting,North Carolina,USA,25-Apr,1
Finance / Accounting,New York,"USA, Remote",25-Mar,1
Sales / Biz Dev,Massachusetts,"USA, Remote",25-Feb,1
Finance / Accounting,New York,"USA, Remote",24-Dec,1
Sales / Biz Dev,Michigan,USA,24-Nov,1
Sales / Biz Dev,Michigan,USA,24-Sep,1
Finance / Accounting,Texas,USA,23-Aug,1
Sales / Biz Dev,Illinois,USA,25-Jan,1
Finance / Accounting,Texas,USA,24-Dec,1
Sales / Biz Dev,Illinois,USA,24-Oct,1
Human Resources,Arizona,USA,25-Feb,1
Human Resources,Alabama,USA,25-Mar,1
Finance / Accounting,Wisconsin,"USA, Remote",25-Apr,1
Finance / Accounting,Wisconsin,USA,25-Apr,1
Finance / Accounting,Wisconsin,USA,24-Dec,1
Sales / Biz Dev,Florida,USA,24-Dec,1
Sales / Biz Dev,Florida,USA,24-Nov,1
Sales / Biz Dev,Florida,USA,24-Oct,1
Sales / Biz Dev,Florida,USA,24-Sep,1
Finance / Accounting,Washington,"USA, Remote",25-Mar,1
Sales / Biz Dev,Florida,USA,25-Jan,1
Finance / Accounting,Washington,USA,25-Apr,1
Finance / Accounting,Washington,USA,24-Dec,1
Sales / Biz Dev,Georgia,USA,24-Dec,1
Sales / Biz Dev,Georgia,USA,24-Nov,1
Sales / Biz Dev,Georgia,USA,24-Sep,1
Finance / Accounting,Virginia,USA,25-Jan,1
Finance / Accounting,Texas,"USA, Remote",25-Mar,1
Sales / Biz Dev,Georgia,"USA, Remote",25-Jan,1
Finance / Accounting,Texas,USA,24-Oct,1
Finance / Accounting,Texas,USA,24-Jul,1
Human Resources,Pennsylvania,USA,24-Dec,1
Human Resources,South Carolina,USA,25-Apr,1
Manufacturing / Supply Chain,South Carolina,USA,24-Nov,1
Legal / Policy,Virginia,USA,25-Jan,1
Other / General,Washington,USA,24-Jun,1
Manufacturing / Supply Chain,Florida,USA,25-Mar,1
Manufacturing / Supply Chain,Connecticut,USA,25-Mar,1
Manufacturing / Supply Chain,Colorado,USA,25-Mar,1
Manufacturing / Supply Chain,California,USA,24-Dec,1
Legal / Policy,Wisconsin,USA,25-Apr,1
Other / General,Washington,"USA, Remote",24-Oct,1
Legal / Policy,Washington,"USA, Remote",25-Mar,1
Legal / Policy,Washington,"USA, Remote",25-Jan,1
Legal / Policy,Virginia,"USA, Remote",25-Apr,1
Legal / Policy,Virginia,USA,25-Feb,1
Legal / Policy,New York,USA,25-Apr,1
Legal / Policy,Texas,USA,25-Apr,1
Legal / Policy,Tennessee,"USA, Remote",25-Mar,1
Legal / Policy,South Carolina,USA,25-Feb,1
Legal / Policy,Ohio,USA,25-Mar,1
Legal / Policy,Ohio,USA,25-Jan,1
Other / General,Wisconsin,"USA, Remote",25-Feb,1
Legal / Policy,Ohio,USA,24-Dec,1
Legal / Policy,North Carolina,USA,25-Mar,1
Pharmacy / Healthcare,Alabama,USA,25-Mar,1
Pharmacy / Healthcare,Arizona,USA,24-Oct,1
Other / General,Washington,USA,24-Aug,1
Other / General,Washington,USA,21-Oct,1
Manufacturing / Supply Chain,Indiana,USA,25-Apr,1
Manufacturing / Supply Chain,Kentucky,USA,25-Apr,1
Manufacturing / Supply Chain,Pennsylvania,USA,25-Mar,1
Manufacturing / Supply Chain,Pennsylvania,USA,25-Apr,1
Manufacturing / Supply Chain,Ohio,USA,25-Mar,1
Manufacturing / Supply Chain,Ohio,USA,24-Oct,1
Manufacturing / Supply Chain,North Carolina,USA,25-Feb,1
Manufacturing / Supply Chain,New York,USA,24-Dec,1
Manufacturing / Supply Chain,New Jersey,USA,25-Apr,1
Manufacturing / Supply Chain,Missouri,USA,25-Mar,1
Manufacturing / Supply Chain,Minnesota,USA,25-Feb,1
Other / General,Texas,"USA, Remote",25-Jan,1
Manufacturing / Supply Chain,Minnesota,USA,25-Apr,1
Other / General,Virginia,USA,24-Aug,1
Manufacturing / Supply Chain,Minnesota,USA,24-Dec,1
Manufacturing / Supply Chain,Michigan,USA,25-Mar,1
Manufacturing / Supply Chain,Michigan,USA,25-Feb,1
Manufacturing / Supply Chain,Michigan,USA,24-Dec,1
Manufacturing / Supply Chain,Massachusetts,USA,24-Sep,1
Manufacturing / Supply Chain,Massachusetts,USA,24-Nov,1
Other / General,Virginia,"USA, Remote",23-Aug,1
Manufacturing / Supply Chain,Kentucky,USA,25-Mar,1
Other / General,Virginia,"USA, Remote",25-Jan,1
Pharmacy / Healthcare,Arizona,USA,25-Apr,1
Legal / Policy,New York,USA,24-Sep,1
Pharmacy / Healthcare,Missouri,USA,25-Jan,1
Pharmacy / Healthcare,Massachusetts,USA,24-Oct,1
Human Resources,Washington,USA,25-Feb,1
Pharmacy / Healthcare,Indiana,USA,25-Feb,1
Human Resources,Washington,USA,25-Apr,1
Human Resources,Washington,USA,24-Sep,1
Human Resources,Virginia,"USA, Remote",25-Feb,1
Pharmacy / Healthcare,Kentucky,USA,25-Mar,1
Pharmacy / Healthcare,Maryland,USA,24-Oct,1
Human Resources,Virginia,USA,25-Apr,1
Human Resources,Virginia,USA,24-Nov,1
Pharmacy / Healthcare,Maryland,USA,25-Mar,1
Human Resources,Texas,"USA, Remote",25-Jan,1
Pharmacy / Healthcare,California,USA,24-Dec,1
Human Resources,Texas,USA,25-Jan,1
Human Resources,Tennessee,"USA, Remote",25-Feb,1
Pharmacy / Healthcare,Michigan,USA,25-Feb,1
Pharmacy / Healthcare,Michigan,USA,25-Jan,1
Pharmacy / Healthcare,Minnesota,USA,25-Apr,1
Human Resources,Tennessee,USA,25-Mar,1
Pharmacy / Healthcare,Minnesota,USA,25-Mar,1
Pharmacy / Healthcare,Missouri,USA,24-Nov,1
Pharmacy / Healthcare,Missouri,USA,24-Oct,1
Human Resources,South Carolina,"USA, Remote",25-Feb,1
Human Resources,Washington,USA,25-Mar,1
Pharmacy / Healthcare,Illinois,USA,25-Jan,1
Human Resources,Washington,"USA, Remote",25-Feb,1
Human Resources,Wisconsin,USA,25-Apr,1
Legal / Policy,New Jersey,USA,25-Apr,1
Legal / Policy,Michigan,USA,25-Mar,1
Legal / Policy,Michigan,USA,25-Apr,1
Legal / Policy,Massachusetts,USA,25-Mar,1
Legal / Policy,Massachusetts,USA,25-Feb,1
Legal / Policy,Indiana,USA,25-Mar,1
Pharmacy / Healthcare,Colorado,USA,24-Sep,1
Legal / Policy,Illinois,"USA, Remote",25-Feb,1
Pharmacy / Healthcare,Connecticut,USA,24-Sep,1
Legal / Policy,Georgia,USA,25-Mar,1
Legal / Policy,Georgia,USA,25-Feb,1
Pharmacy / Healthcare,Florida,USA,25-Apr,1
Legal / Policy,Florida,USA,25-Feb,1
Legal / Policy,Connecticut,USA,25-Feb,1
Legal / Policy,California,USA,25-Jan,1
Pharmacy / Healthcare,Georgia,USA,24-Oct,1
Legal / Policy,California,USA,25-Feb,1
Legal / Policy,California,USA,25-Apr,1
Pharmacy / Healthcare,Illinois,USA,24-Nov,1
Legal / Policy,California,USA,24-Nov,1
Pharmacy / Healthcare,Illinois,USA,24-Sep,1
Creative / UX / Design,Alabama,USA,25-Mar,1
